"Label","ID","Link cost","Link displacement","Link target IDs","Link target IDs","Link velocity","TBtoPSMd","TBtoSom","TBtoSom25","TBtoTB","checked"
"",""," "," ","Source spot id","Target spot id"," ","Tag","Tag","Tag","Tag","Tag"
"","","","(µm)","","","(µm/frame)","","","","",""
"2083 ? 2073","189","","13.420798275147073","2083.0","2073.0","6.710399137573536","0","0","0","0","0"
"2586 ? 2585","215","","4.434749858262487","2586.0","2585.0","1.4782499527541624","0","0","0","0","0"
"2278 ? 2277","861","","5.869850207702765","2278.0","2277.0","2.9349251038513824","0","0","0","0","0"
"1916 ? 1915","870","","9.429608217799068","1916.0","1915.0","4.714804108899534","0","0","0","0","0"
"1806 ? 1805","945","","8.988416683166758","1806.0","1805.0","1.7976833366333516","0","0","0","0","0"
"2551 ? 2550","1007","","0.6030486466284003","2551.0","2550.0","0.30152432331420015","0","0","0","0","0"
"2276 ? 2275","1018","","3.2006328202255325","2276.0","2275.0","1.6003164101127663","0","0","0","0","0"
"1880 ? 1879","1021","","5.554328989484804","1880.0","1879.0","2.777164494742402","0","0","0","0","0"
"2116 ? 2312","1031","","6.914959143579364","2116.0","2312.0","3.457479571789682","0","0","0","0","0"
"1780 ? 1779","1365","","2.9192099295703287","1780.0","1779.0","1.4596049647851643","0","0","0","0","0"
"1825 ? 1824","1409","","5.184369000570897","1825.0","1824.0","2.5921845002854487","0","0","0","0","0"
"1832 ? 1831","1416","","19.626073949506363","1832.0","1831.0","9.813036974753182","0","0","0","0","0"
"1851 ? 1850","1435","","4.017643989627343","1851.0","1850.0","2.0088219948136716","0","0","0","0","0"
"1852 ? 1851","1436","","5.063060868008715","1852.0","1851.0","2.5315304340043574","0","0","0","0","0"
"1865 ? 1864","1449","","5.129360699145309","1865.0","1864.0","2.5646803495726544","0","0","0","0","0"
"1867 ? 1866","1451","","3.9612848337265767","1867.0","1866.0","1.9806424168632883","0","0","0","0","0"
"1871 ? 1870","1455","","13.06548132695238","1871.0","1870.0","3.266370331738095","0","0","0","0","0"
"2274 ? 2273","1460","","2.0077480775992487","2274.0","2273.0","1.0038740387996243","0","0","0","0","0"
"1876 ? 1875","1461","","7.700409689735506","1876.0","1875.0","3.850204844867753","0","0","0","0","0"
"1768 ? 1767","1757","42.97430530868007","6.5554790296880725","1768.0","1767.0","6.5554790296880725","0","0","0","1","1"
"1769 ? 1768","1758","4.744066838044889","2.178087885748619","1769.0","1768.0","2.178087885748619","0","0","0","1","1"
"1770 ? 1769","1759","6.24439585262067","2.498878919159684","1770.0","1769.0","2.498878919159684","0","0","0","1","1"
"1771 ? 1770","1760","1.9351900524805685","1.391111085600488","1771.0","1770.0","1.391111085600488","0","0","0","1","1"
"1772 ? 1771","1761","6.7888589019130166","2.6055438783319342","1772.0","1771.0","2.6055438783319342","0","0","0","1","1"
"1773 ? 1772","1762","19.39339636639598","4.403793406416334","1773.0","1772.0","4.403793406416334","0","0","0","1","1"
"1774 ? 1773","1763","5.298660143411715","2.301881869995008","1774.0","1773.0","2.301881869995008","0","0","0","1","1"
"1775 ? 1774","1764","3.4659066886972854","1.8616945744931646","1775.0","1774.0","1.8616945744931646","0","0","0","1","1"
"1776 ? 1775","1765","2.9104166457416785","1.7059943275819174","1776.0","1775.0","1.7059943275819174","0","0","0","1","1"
"1777 ? 1776","1766","0.3061046863332819","0.5532672829051813","1777.0","1776.0","0.5532672829051813","0","0","0","1","1"
"1778 ? 1777","1767","0.5459524942192895","0.7388859818803504","1778.0","1777.0","0.7388859818803504","0","0","0","1","1"
"1779 ? 1778","1768","2.8005562473091747","1.6734862554885759","1779.0","1778.0","1.6734862554885759","0","0","0","1","1"
"2019 ? 2018","1769","","2.1898983562273915","2019.0","2018.0","1.0949491781136957","0","0","0","0","0"
"1781 ? 1780","1770","12.166205485362946","3.4880088138310295","1781.0","1780.0","3.4880088138310295","0","0","0","1","1"
"1782 ? 1781","1771","0.1154442126190724","0.33977082367247546","1782.0","1781.0","0.33977082367247546","0","0","0","1","1"
"1783 ? 1782","1772","0.6808878638590927","0.8251592960508248","1783.0","1782.0","0.8251592960508248","0","0","0","1","1"
"1785 ? 1784","1774","12.250385374494305","3.5000550530662093","1785.0","1784.0","3.5000550530662093","0","0","0","1","1"
"1786 ? 1785","1775","1.1623705650417662","1.0781329069468968","1786.0","1785.0","1.0781329069468968","0","0","0","1","1"
"1787 ? 1786","1776","0.4334528095618558","0.658371331060106","1787.0","1786.0","0.658371331060106","0","0","0","1","1"
"1788 ? 1787","1777","0.5244696136112754","0.7242027434436267","1788.0","1787.0","0.7242027434436267","0","0","0","1","1"
"1789 ? 1788","1778","1.367976773912905","1.169605392392197","1789.0","1788.0","1.169605392392197","0","0","0","1","1"
"1790 ? 1789","1779","1.115771503828614","1.0563008585761038","1790.0","1789.0","1.0563008585761038","0","0","0","1","1"
"1791 ? 1790","1780","6.677173965740163","2.5840228260872937","1791.0","1790.0","2.5840228260872937","0","0","0","1","1"
"1793 ? 1792","1782","3.1342126375005286","1.7703707627219019","1793.0","1792.0","1.7703707627219019","0","0","0","1","1"
"1794 ? 1793","1783","3.8781722674712418","1.9693075604057488","1794.0","1793.0","1.9693075604057488","0","0","0","1","1"
"1795 ? 1794","1784","1.550844881351248","1.245329226088928","1795.0","1794.0","1.245329226088928","0","0","0","1","1"
"1796 ? 1795","1785","1.3753171907899224","1.1727391827639777","1796.0","1795.0","1.1727391827639777","0","0","0","1","1"
"1797 ? 1796","1786","4.177171265979106","2.0438129234299076","1797.0","1796.0","2.0438129234299076","0","0","0","1","1"
"1798 ? 1797","1787","2.0866417190099606","1.4445212767591762","1798.0","1797.0","1.4445212767591762","0","0","0","1","1"
"1799 ? 1798","1788","11.99764404444218","3.4637615455516246","1799.0","1798.0","3.4637615455516246","0","0","0","1","1"
"1800 ? 1799","1789","2.866917594452485","1.6931974469779019","1800.0","1799.0","1.6931974469779019","0","0","0","1","1"
"1801 ? 1800","1790","2.5953507168313834","1.6110092230745867","1801.0","1800.0","1.6110092230745867","0","0","0","1","1"
"1802 ? 1801","1791","1.9450097850918","1.3946360762190975","1802.0","1801.0","1.3946360762190975","0","0","0","1","1"
"1803 ? 1802","1792","10.227810320126189","3.198094795362731","1803.0","1802.0","3.198094795362731","0","0","0","1","1"
"1804 ? 1803","1793","2.7081305941302856","1.6456398737665192","1804.0","1803.0","1.6456398737665192","0","0","0","1","1"
"1805 ? 1804","1794","5.702609944381254","2.3880138074100943","1805.0","1804.0","2.3880138074100943","0","0","0","1","1"
"1807 ? 1806","1796","1.7229062969900435","1.3125952525398084","1807.0","1806.0","1.3125952525398084","0","0","0","1","1"
"1808 ? 1807","1797","12.640889041001866","3.555402795887108","1808.0","1807.0","3.555402795887108","0","0","0","1","1"
"1809 ? 1808","1798","0.6572884135213309","0.8107332567011982","1809.0","1808.0","0.8107332567011982","0","0","0","1","1"
"1810 ? 1809","1799","7.878705849566601","2.8069032490569747","1810.0","1809.0","2.8069032490569747","0","0","0","1","1"
"1811 ? 1810","1800","8.476668583515165","2.911471892963277","1811.0","1810.0","2.911471892963277","0","0","0","1","1"
"1812 ? 1811","1801","4.63596731023818","2.15312965476726","1812.0","1811.0","2.15312965476726","0","0","0","1","1"
"1813 ? 1812","1802","9.534832477290644","3.087852405360503","1813.0","1812.0","3.087852405360503","0","0","0","1","1"
"1814 ? 1813","1803","5.209919868658655","2.2825248889461545","1814.0","1813.0","2.2825248889461545","0","0","0","1","1"
"1815 ? 1814","1804","30.869732500165927","5.5560536804611536","1815.0","1814.0","5.5560536804611536","0","0","0","1","1"
"1816 ? 1815","1805","","4.933402688321524","1816.0","1815.0","4.933402688321524","0","0","0","1","1"
"1817 ? 1816","1806","","3.992300326435944","1817.0","1816.0","3.992300326435944","0","0","0","1","1"
"1818 ? 1817","1807","2.5753173329034507","1.6047795278179027","1818.0","1817.0","1.6047795278179027","0","0","0","1","1"
"1819 ? 1818","1808","4.319983574747072","2.078457017777147","1819.0","1818.0","2.078457017777147","0","0","0","1","1"
"1823 ? 1822","1809","","3.9817465075676393","1823.0","1822.0","1.3272488358558798","0","0","0","0","0"
"1821 ? 1820","1810","11.503512314890983","3.391682814605603","1821.0","1820.0","3.391682814605603","0","0","0","1","1"
"1820 ? 1819","1811","","5.168749161231778","1820.0","1819.0","1.7229163870772595","0","0","0","0","0"
"2517 ? 2516","1812","","11.859904974756203","2517.0","2516.0","2.3719809949512407","0","0","0","0","0"
"1824 ? 1823","1813","1.2077146168835076","1.0989606985163334","1824.0","1823.0","1.0989606985163334","0","0","0","1","1"
"2062 ? 2061","1814","","2.497321198588621","2062.0","2061.0","1.2486605992943105","0","0","0","0","0"
"1826 ? 1825","1815","3.0924212214258917","1.758528140640886","1826.0","1825.0","1.758528140640886","0","0","0","1","1"
"1827 ? 1826","1816","5.879984824633945","2.4248680014866673","1827.0","1826.0","2.4248680014866673","0","0","0","1","1"
"1828 ? 1827","1817","7.037405343875928","2.6528108383139437","1828.0","1827.0","2.6528108383139437","0","0","0","1","1"
"1830 ? 1829","1819","4.786887228255542","2.187895616398447","1830.0","1829.0","2.187895616398447","0","0","0","1","1"
"1831 ? 1830","1820","22.901697249397003","4.785571778732089","1831.0","1830.0","4.785571778732089","0","0","0","1","1"
"1833 ? 1832","1822","","5.255971022535365","1833.0","1832.0","5.255971022535365","0","0","0","1","1"
"1834 ? 1833","1823","","4.7066238632248325","1834.0","1833.0","4.7066238632248325","0","0","0","1","1"
"1835 ? 1834","1824","5.946265365702516","2.4384965379722225","1835.0","1834.0","2.4384965379722225","0","0","0","1","1"
"1836 ? 1835","1825","9.492300505300324","3.0809577253348226","1836.0","1835.0","3.0809577253348226","0","0","0","1","1"
"1837 ? 1836","1826","36.11735259479619","6.009771426168901","1837.0","1836.0","6.009771426168901","0","0","0","1","1"
"1838 ? 1837","1827","25.456357293206622","5.045429346765904","1838.0","1837.0","5.045429346765904","0","0","0","1","1"
"1839 ? 1838","1828","14.695086095570737","3.8334170260448754","1839.0","1838.0","3.8334170260448754","0","0","0","1","1"
"1840 ? 1839","1829","10.646313255100754","3.2628688688178618","1840.0","1839.0","3.2628688688178618","0","0","0","1","1"
"1841 ? 1840","1830","17.46899845533043","4.179593096861276","1841.0","1840.0","4.179593096861276","0","0","0","1","1"
"1842 ? 1841","1831","9.245847743245081","3.0406985617198363","1842.0","1841.0","3.0406985617198363","0","0","0","1","1"
"1843 ? 1842","1832","27.27201442237613","5.222261427999955","1843.0","1842.0","5.222261427999955","0","0","0","1","1"
"1844 ? 1843","1833","4.580939031929697","2.140312835061664","1844.0","1843.0","2.140312835061664","0","0","0","1","1"
"1845 ? 1844","1835","","8.873643443872224","1845.0","1844.0","2.218410860968056","0","0","0","0","0"
"1846 ? 1845","1836","","5.062383110162737","1846.0","1845.0","5.062383110162737","0","0","0","1","1"
"1847 ? 1846","1837","","2.7998335908650627","1847.0","1846.0","2.7998335908650627","0","0","0","1","1"
"1848 ? 1847","1838","","3.8239870686036683","1848.0","1847.0","3.8239870686036683","0","0","0","1","1"
"1849 ? 1848","1839","","1.7707702433162038","1849.0","1848.0","1.7707702433162038","0","0","0","1","1"
"1850 ? 1849","1840","","3.835795600268441","1850.0","1849.0","3.835795600268441","0","0","0","1","1"
"2087 ? 2233","1841","","9.910712843051172","2087.0","2233.0","4.955356421525586","0","0","0","0","0"
"2250 ? 2249","1842","","3.8101824511518987","2250.0","2249.0","1.9050912255759493","0","0","0","0","0"
"1853 ? 1852","1843","14.831342002385222","3.851148140799731","1853.0","1852.0","3.851148140799731","0","0","0","1","1"
"1854 ? 1853","1844","21.850951841230817","4.674500170203315","1854.0","1853.0","4.674500170203315","0","0","0","1","1"
"1855 ? 1854","1845","2.1305065886506185","1.4596254960265043","1855.0","1854.0","1.4596254960265043","0","0","0","1","1"
"1856 ? 1855","1846","","6.494072725500231","1856.0","1855.0","6.494072725500231","0","0","0","1","1"
"1857 ? 1856","1847","","6.644019768733326","1857.0","1856.0","6.644019768733326","0","0","0","1","1"
"1858 ? 1857","1848","","3.443340029173955","1858.0","1857.0","3.443340029173955","0","0","0","1","1"
"1859 ? 1858","1849","","1.8811529067050194","1859.0","1858.0","1.8811529067050194","0","0","0","1","1"
"1860 ? 1859","1850","","1.4546289532466488","1860.0","1859.0","1.4546289532466488","0","0","0","1","1"
"1861 ? 1860","1851","","2.1609425231623924","1861.0","1860.0","2.1609425231623924","0","0","0","1","1"
"1862 ? 1861","1852","","2.4830278068088627","1862.0","1861.0","2.4830278068088627","0","0","0","1","1"
"1863 ? 1862","1853","","1.0804712615809606","1863.0","1862.0","1.0804712615809606","0","0","0","1","1"
"1864 ? 1863","1854","","5.269028640156148","1864.0","1863.0","5.269028640156148","0","0","0","1","1"
"2263 ? 2262","1855","","4.127471929161851","2263.0","2262.0","2.0637359645809257","0","0","0","0","0"
"1866 ? 1865","1856","5.399169833696974","2.3236113775106575","1866.0","1865.0","2.3236113775106575","0","0","0","1","1"
"2265 ? 2264","1857","","5.506025692060014","2265.0","2264.0","2.753012846030007","0","0","0","0","0"
"1868 ? 1867","1858","14.990575681045794","3.8717664806966074","1868.0","1867.0","3.8717664806966074","0","0","0","1","1"
"1869 ? 1868","1859","24.594662139896663","4.959300569626393","1869.0","1868.0","4.959300569626393","0","0","0","1","1"
"1870 ? 1869","1860","0.8768032415590084","0.9363777237626962","1870.0","1869.0","0.9363777237626962","0","0","0","1","1"
"2269 ? 2268","1861","","5.442524311315747","2269.0","2268.0","1.3606310778289368","0","0","0","0","0"
"1872 ? 1871","1862","6.27797751886399","2.5055892558166812","1872.0","1871.0","2.5055892558166812","0","0","0","1","1"
"1873 ? 1872","1863","19.106352413305082","4.371081378023645","1873.0","1872.0","4.371081378023645","0","0","0","1","1"
"1874 ? 1873","1864","13.05534030284755","3.613217444722577","1874.0","1873.0","3.613217444722577","0","0","0","1","1"
"1875 ? 1874","1865","74.1355228428446","8.6101987690671","1875.0","1874.0","8.6101987690671","0","0","0","1","1"
"1877 ? 1876","1866","6.08778414587241","2.467343540302487","1877.0","1876.0","2.467343540302487","0","0","0","1","1"
"1879 ? 1878","1867","13.573772149673811","3.684260054566427","1879.0","1878.0","3.684260054566427","0","0","0","1","1"
"1881 ? 1880","1870","1.972702152243599","1.4045291567794522","1881.0","1880.0","1.4045291567794522","0","0","0","1","1"
"1882 ? 1881","1871","12.169757030669683","3.488517884527709","1882.0","1881.0","3.488517884527709","0","0","0","1","1"
"1883 ? 1882","1872","21.666343976358252","4.6547120186278175","1883.0","1882.0","4.6547120186278175","0","0","0","1","1"
"1884 ? 1883","1873","40.605197503027014","6.372220766971827","1884.0","1883.0","6.372220766971827","0","0","0","1","1"
"1885 ? 1884","1874","24.440336224166902","4.943716843040963","1885.0","1884.0","4.943716843040963","0","0","0","1","1"
"1886 ? 1885","1875","","9.37662941592932","1886.0","1885.0","9.37662941592932","0","0","0","1","1"
"1887 ? 1886","1876","","4.83201437726055","1887.0","1886.0","4.83201437726055","0","0","0","1","1"
"1889 ? 1888","1877","","2.464753883791224","1889.0","1888.0","2.464753883791224","0","0","0","1","1"
"1890 ? 1889","1878","","3.1326680001369","1890.0","1889.0","3.1326680001369","0","0","0","1","1"
"1891 ? 1890","1879","","2.660655758367807","1891.0","1890.0","2.660655758367807","0","0","0","1","1"
"1892 ? 1891","1880","","2.925677798215203","1892.0","1891.0","2.925677798215203","0","0","0","1","1"
"1893 ? 1892","1881","","3.69557832900702","1893.0","1892.0","3.69557832900702","0","0","0","1","1"
"1894 ? 1893","1882","","2.200415820863447","1894.0","1893.0","2.200415820863447","0","0","0","1","1"
"1895 ? 1894","1883","","5.313187014079947","1895.0","1894.0","5.313187014079947","0","0","0","1","1"
"1897 ? 1895","1885","","0.0","1897.0","1895.0","0.0","0","0","0","1","1"
"1898 ? 1897","1886","","0.9739236338238264","1898.0","1897.0","0.9739236338238264","0","0","0","1","1"
"1899 ? 1898","1887","","3.506333178931498","1899.0","1898.0","3.506333178931498","0","0","0","1","1"
"1900 ? 1899","1888","","2.44602085107648","1900.0","1899.0","2.44602085107648","0","0","0","1","1"
"1901 ? 1900","1889","","0.0","1901.0","1900.0","0.0","0","0","0","1","1"
"1902 ? 1901","1890","","1.2080035943152094","1902.0","1901.0","1.2080035943152094","0","0","0","1","1"
"1903 ? 1902","1891","","1.3505890769762083","1903.0","1902.0","1.3505890769762083","0","0","0","1","1"
"1904 ? 1903","1892","","2.177759450123956","1904.0","1903.0","2.177759450123956","0","0","0","1","1"
"1905 ? 1904","1893","","0.9550106949264349","1905.0","1904.0","0.9550106949264349","0","0","0","1","1"
"1906 ? 1905","1894","3.502729409095499","1.8715580164920078","1906.0","1905.0","1.8715580164920078","0","0","0","1","1"
"1907 ? 1906","1895","47.41284597300789","6.885698655402217","1907.0","1906.0","6.885698655402217","0","0","0","1","1"
"1908 ? 1907","1896","18.24172864306541","4.271033673838853","1908.0","1907.0","4.271033673838853","0","0","0","1","1"
"1909 ? 1908","1897","15.51371664422046","3.9387455673374565","1909.0","1908.0","3.9387455673374565","0","0","0","1","1"
"1910 ? 1909","1898","13.272016027047933","3.643077823358696","1910.0","1909.0","3.643077823358696","0","0","0","1","1"
"1911 ? 1910","1899","14.171745169956369","3.764537842811036","1911.0","1910.0","3.764537842811036","0","0","0","1","1"
"1912 ? 1911","1900","8.685044375339324","2.947039934466332","1912.0","1911.0","2.947039934466332","0","0","0","1","1"
"1913 ? 1912","1901","13.570138785922925","3.6837669288274637","1913.0","1912.0","3.6837669288274637","0","0","0","1","1"
"1914 ? 1913","1902","9.026091645397976","3.0043454603953212","1914.0","1913.0","3.0043454603953212","0","0","0","1","1"
"1915 ? 1914","1903","26.401018757046916","5.13819216817033","1915.0","1914.0","5.13819216817033","0","0","0","1","1"
"1917 ? 1916","1904","","1.9664873791298791","1917.0","1916.0","1.9664873791298791","0","0","0","1","1"
"1918 ? 1917","1905","","7.905005248332204","1918.0","1917.0","7.905005248332204","0","0","0","1","1"
"1919 ? 1918","1906","22.348732484682373","4.727444604083941","1919.0","1918.0","4.727444604083941","0","0","0","1","1"
"1920 ? 1919","1907","9.736751071331556","3.1203767515047853","1920.0","1919.0","3.1203767515047853","0","0","0","1","1"
"1921 ? 1920","1908","","7.0308139370515725","1921.0","1920.0","7.0308139370515725","0","0","0","1","1"
"1922 ? 1921","1909","","2.4160071886303425","1922.0","1921.0","2.4160071886303425","0","0","0","1","1"
"1923 ? 1922","1910","","1.1137242842359039","1923.0","1922.0","1.1137242842359039","0","0","0","1","1"
"1924 ? 1923","1911","","2.9938706458704845","1924.0","1923.0","2.9938706458704845","0","0","0","1","1"
"1925 ? 1924","1912","","2.495258902866","1925.0","1924.0","2.495258902866","0","0","0","1","1"
"1926 ? 1925","1913","","0.0","1926.0","1925.0","0.0","0","0","0","1","1"
"1927 ? 1926","1914","","2.0303805879578896","1927.0","1926.0","2.0303805879578896","0","0","0","1","1"
"1928 ? 1927","1915","","1.3505890769764881","1928.0","1927.0","1.3505890769764881","0","0","0","1","1"
"1929 ? 1928","1916","","1.643062526252392","1929.0","1928.0","1.643062526252392","0","0","0","1","1"
"1930 ? 1929","1917","","4.689544899893178","1930.0","1929.0","4.689544899893178","0","0","0","1","1"
"1931 ? 1930","1918","","4.065136161907733","1931.0","1930.0","4.065136161907733","0","0","0","1","1"
"1932 ? 1931","1919","","2.4903632077435893","1932.0","1931.0","2.4903632077435893","0","0","0","1","1"
"1933 ? 1932","1920","7.151713205671417","2.674268723533859","1933.0","1932.0","2.674268723533859","0","0","0","1","1"
"1934 ? 1933","1921","22.93060508995828","4.788591138315975","1934.0","1933.0","4.788591138315975","0","0","0","1","1"
"1935 ? 1934","1922","24.283387977699327","4.927817770342094","1935.0","1934.0","4.927817770342094","0","0","0","1","1"
"1936 ? 1935","1923","4.419461284191341","2.1022514797690928","1936.0","1935.0","2.1022514797690928","0","0","0","1","1"
"1937 ? 1936","1924","6.048094458981387","2.459287388448407","1937.0","1936.0","2.459287388448407","0","0","0","1","1"
"1938 ? 1937","1925","21.867839454275874","4.676306176275872","1938.0","1937.0","4.676306176275872","0","0","0","1","1"
"1939 ? 1938","1926","19.200921902347535","4.381885656010153","1939.0","1938.0","4.381885656010153","0","0","0","1","1"
"1940 ? 1939","1927","15.846307719139553","3.9807421065850965","1940.0","1939.0","3.9807421065850965","0","0","0","1","1"
"1941 ? 1940","1928","2.03802039523784","1.42759251722536","1941.0","1940.0","1.42759251722536","0","0","0","1","1"
"1942 ? 1941","1929","2.3949105100260537","1.5475498408859256","1942.0","1941.0","1.5475498408859256","0","0","0","1","1"
"1943 ? 1942","1930","2.9949559530881853","1.7305941040833883","1943.0","1942.0","1.7305941040833883","0","0","0","1","1"
"1944 ? 1943","1931","4.931681424195597","2.2207389365244166","1944.0","1943.0","2.2207389365244166","0","0","0","1","1"
"1945 ? 1944","1932","63.0528812595751","7.9405844406803645","1945.0","1944.0","7.9405844406803645","0","0","0","1","1"
"1946 ? 1945","1933","9.338745681243637","3.055936138279666","1946.0","1945.0","3.055936138279666","0","0","0","1","1"
"1947 ? 1946","1934","12.149974816658116","3.4856813991898505","1947.0","1946.0","3.4856813991898505","0","0","0","1","1"
"1948 ? 1947","1935","8.962714377283643","2.993779279987695","1948.0","1947.0","2.993779279987695","0","0","0","1","1"
"1949 ? 1948","1936","11.451211546412582","3.3839638807783663","1949.0","1948.0","3.3839638807783663","0","0","0","1","1"
"1950 ? 1949","1937","19.31041355052005","4.394361563471996","1950.0","1949.0","4.394361563471996","0","0","0","1","1"
"1951 ? 1950","1938","15.056556461454193","3.8802778845662838","1951.0","1950.0","3.8802778845662838","0","0","0","1","1"
"1952 ? 1951","1939","30.665136293528157","5.537611063764604","1952.0","1951.0","5.537611063764604","0","0","0","1","1"
"1953 ? 1952","1940","4.5617086598646495","2.1358156895820035","1953.0","1952.0","2.1358156895820035","0","0","0","1","1"
"1954 ? 1953","1941","15.969957799198546","3.9962429604815752","1954.0","1953.0","3.9962429604815752","0","0","0","1","1"
"1955 ? 1954","1942","24.671625628036548","4.967054019037497","1955.0","1954.0","4.967054019037497","0","0","0","1","1"
"1956 ? 1955","1943","9.543136638024215","3.08919676259448","1956.0","1955.0","3.08919676259448","0","0","0","1","1"
"1957 ? 1956","1944","11.065369324420447","3.326464989207078","1957.0","1956.0","3.326464989207078","0","0","0","1","1"
"1958 ? 1957","1945","24.812668370424593","4.981231611802907","1958.0","1957.0","4.981231611802907","0","0","0","1","1"
"1959 ? 1958","1946","6.686905857354576","2.5859052297705296","1959.0","1958.0","2.5859052297705296","0","0","0","1","1"
"1960 ? 1959","1947","25.352763195651292","5.035152747995962","1960.0","1959.0","5.035152747995962","0","0","0","1","1"
"1961 ? 1960","1948","6.752841655805238","2.5986230307232403","1961.0","1960.0","2.5986230307232403","0","0","0","1","1"
"1962 ? 1961","1949","28.111234915321102","5.302002915438759","1962.0","1961.0","5.302002915438759","0","0","0","1","1"
"1963 ? 1962","1950","20.548723065773444","4.533069938328047","1963.0","1962.0","4.533069938328047","0","0","0","1","1"
"1964 ? 1963","1951","19.696653798560533","4.438091233690508","1964.0","1963.0","4.438091233690508","0","0","0","1","1"
"1965 ? 1964","1952","2.5317232366325713","1.5911389746444435","1965.0","1964.0","1.5911389746444435","0","0","0","1","1"
"1966 ? 1965","1953","9.032373067324018","3.0053906680037485","1966.0","1965.0","3.0053906680037485","0","0","0","1","1"
"1967 ? 1966","1954","9.209578166924903","3.0347286809408356","1967.0","1966.0","3.0347286809408356","0","0","0","1","1"
"1968 ? 1967","1955","41.53469782074108","6.444741873864389","1968.0","1967.0","6.444741873864389","0","0","0","1","1"
"1969 ? 1968","1956","20.610498696201073","4.539878709415162","1969.0","1968.0","4.539878709415162","0","0","0","1","1"
"1970 ? 1969","1957","22.926892628761692","4.788203486565885","1970.0","1969.0","4.788203486565885","0","0","0","1","1"
"1971 ? 1970","1958","14.349192030006375","3.7880327387717196","1971.0","1970.0","3.7880327387717196","0","0","0","1","1"
"1972 ? 1971","1959","42.629817259110105","6.529151342947268","1972.0","1971.0","6.529151342947268","0","0","0","1","1"
"1973 ? 1972","1960","2.5343106449721864","1.5919518350038693","1973.0","1972.0","1.5919518350038693","0","0","0","1","1"
"1974 ? 1973","1961","17.398821292080623","4.171189433732376","1974.0","1973.0","4.171189433732376","0","0","0","1","1"
"1975 ? 1974","1962","42.02901305764813","6.482978717969706","1975.0","1974.0","6.482978717969706","0","0","0","1","1"
"1976 ? 1975","1963","51.108056468158466","7.148989891457287","1976.0","1975.0","7.148989891457287","0","0","0","1","1"
"1977 ? 1976","1964","6.2937915182042135","2.5087430155765684","1977.0","1976.0","2.5087430155765684","0","0","0","1","1"
"1978 ? 1977","1965","17.612208721974234","4.196690210388924","1978.0","1977.0","4.196690210388924","0","0","0","1","1"
"1979 ? 1978","1966","7.342438838122909","2.709693495235745","1979.0","1978.0","2.709693495235745","0","0","0","1","1"
"1980 ? 1979","1967","12.111869393480463","3.48021111334937","1980.0","1979.0","3.48021111334937","0","0","0","1","1"
"1981 ? 1980","1968","57.54306493543209","7.585714530314998","1981.0","1980.0","7.585714530314998","0","0","0","1","1"
"1982 ? 1981","1969","51.111857545125275","7.149255733649851","1982.0","1981.0","7.149255733649851","0","0","0","1","1"
"1983 ? 1982","1970","17.81119492304427","4.220331139027395","1983.0","1982.0","4.220331139027395","0","0","0","1","1"
"1984 ? 1983","1971","14.959320783518335","3.8677281165457242","1984.0","1983.0","3.8677281165457242","0","0","0","1","1"
"1985 ? 1984","1972","28.720033224708953","5.359107502626622","1985.0","1984.0","5.359107502626622","0","0","0","1","1"
"1986 ? 1985","1973","56.19275470557591","7.496182675574009","1986.0","1985.0","7.496182675574009","0","0","0","1","1"
"1987 ? 1986","1974","9.557254309464097","3.0914809249717354","1987.0","1986.0","3.0914809249717354","0","0","0","1","1"
"1988 ? 1987","1975","53.181347385774025","7.292554242909272","1988.0","1987.0","7.292554242909272","0","0","0","1","1"
"1989 ? 1988","1976","41.56527937585573","6.447114034655796","1989.0","1988.0","6.447114034655796","0","0","0","1","1"
"1990 ? 1989","1977","27.047861482562467","5.200755856850278","1990.0","1989.0","5.200755856850278","0","0","0","1","1"
"1991 ? 1990","1978","70.92433532406025","8.421658703845713","1991.0","1990.0","8.421658703845713","0","0","0","1","1"
"1992 ? 1991","1979","37.4254737885085","6.117636290963079","1992.0","1991.0","6.117636290963079","0","0","0","1","1"
"1993 ? 1992","1980","70.8881268015383","8.419508703097723","1993.0","1992.0","8.419508703097723","0","0","0","1","1"
"1994 ? 1993","1981","","4.778871990616068","1994.0","1993.0","4.778871990616068","0","0","0","1","1"
"1995 ? 1994","1982","","4.6320595799232285","1995.0","1994.0","4.6320595799232285","0","0","0","1","1"
"1996 ? 1995","1983","","5.493605381344753","1996.0","1995.0","5.493605381344753","0","0","0","1","1"
"1997 ? 1996","1984","","9.118275210717247","1997.0","1996.0","9.118275210717247","0","0","0","1","1"
"1998 ? 1997","1985","","5.186597769136997","1998.0","1997.0","5.186597769136997","0","0","0","1","1"
"1999 ? 1998","1986","","8.860523144411564","1999.0","1998.0","8.860523144411564","0","0","0","1","1"
"2000 ? 1999","1987","","5.568621421179139","2000.0","1999.0","5.568621421179139","0","0","0","1","1"
"2001 ? 2000","1988","","5.896369365414778","2001.0","2000.0","5.896369365414778","0","0","0","1","1"
"2002 ? 2001","1989","","6.1862287489801675","2002.0","2001.0","6.1862287489801675","0","0","0","1","1"
"2003 ? 2002","1990","","8.57015907761878","2003.0","2002.0","8.57015907761878","0","0","0","1","1"
"2004 ? 2003","1991","","7.674935200797649","2004.0","2003.0","7.674935200797649","0","0","0","1","1"
"2005 ? 2004","1992","","6.06075405127146","2005.0","2004.0","6.06075405127146","0","0","0","1","1"
"2006 ? 2005","1993","","8.292660925647825","2006.0","2005.0","8.292660925647825","0","0","0","1","1"
"2007 ? 1766","1994","","1.1967268397400366","2007.0","1766.0","1.1967268397400366","0","0","0","1","1"
"2008 ? 2007","1995","","2.114074666498086","2008.0","2007.0","2.114074666498086","0","0","0","1","1"
"2009 ? 2008","1996","","2.284660955844934","2009.0","2008.0","2.284660955844934","0","0","0","1","1"
"2010 ? 2009","1997","","0.0","2010.0","2009.0","0.0","0","0","0","1","1"
"2011 ? 2010","1998","","1.111132976055381","2011.0","2010.0","1.111132976055381","0","0","0","1","1"
"2012 ? 2011","1999","","0.8012493838054197","2012.0","2011.0","0.8012493838054197","0","0","0","1","1"
"2013 ? 2012","2000","","1.2668865133155176","2013.0","2012.0","1.2668865133155176","0","0","0","1","1"
"2014 ? 2013","2001","","0.0","2014.0","2013.0","0.0","0","0","0","1","1"
"2015 ? 2014","2002","","0.0","2015.0","2014.0","0.0","0","0","0","1","1"
"2016 ? 2015","2003","","0.0","2016.0","2015.0","0.0","0","0","0","1","1"
"2017 ? 2016","2004","","1.4487401540000795","2017.0","2016.0","1.4487401540000795","0","0","0","1","1"
"2018 ? 2017","2005","","1.8392523437279982","2018.0","2017.0","1.8392523437279982","0","0","0","1","1"
"2476 ? 2475","2006","","2.0474358332788456","2476.0","2475.0","1.0237179166394228","0","0","0","0","0"
"2020 ? 2019","2007","","2.7273021052558777","2020.0","2019.0","2.7273021052558777","0","0","0","1","1"
"2021 ? 2020","2008","","1.9721826333712402","2021.0","2020.0","1.9721826333712402","0","0","0","1","1"
"2022 ? 2021","2009","","1.5713793243374143","2022.0","2021.0","1.5713793243374143","0","0","0","1","1"
"1784 ? 1783","2010","","3.8760177091009647","1784.0","1783.0","1.9380088545504823","0","0","0","0","0"
"2024 ? 2023","2011","","3.8019969504069464","2024.0","2023.0","3.8019969504069464","0","0","0","1","1"
"2025 ? 2024","2012","","3.6157707814977718","2025.0","2024.0","3.6157707814977718","0","0","0","1","1"
"2026 ? 2025","2013","","1.4047788166373183","2026.0","2025.0","1.4047788166373183","0","0","0","1","1"
"2027 ? 2026","2014","","1.6703991344823035","2027.0","2026.0","1.6703991344823035","0","0","0","1","1"
"2028 ? 2027","2015","","1.4487401539999731","2028.0","2027.0","1.4487401539999731","0","0","0","1","1"
"2029 ? 2028","2016","","2.53250102703569","2029.0","2028.0","2.53250102703569","0","0","0","1","1"
"2032 ? 2029","2017","","0.9541626839647925","2032.0","2029.0","0.31805422798826416","0","0","0","1","1"
"2075 ? 2044","2018","","0.9597285003425251","2075.0","2044.0","0.1599547500570875","0","0","0","0","0"
"2033 ? 2032","2019","","0.0","2033.0","2032.0","0.0","0","0","0","1","1"
"2034 ? 2033","2020","","1.7907486495788023","2034.0","2033.0","1.7907486495788023","0","0","0","1","1"
"2035 ? 2034","2021","","2.534204819203408","2035.0","2034.0","2.534204819203408","0","0","0","1","1"
"2036 ? 2035","2022","","0.0","2036.0","2035.0","0.0","0","0","0","1","1"
"2037 ? 2036","2023","","1.6245303707268723","2037.0","2036.0","1.6245303707268723","0","0","0","1","1"
"2038 ? 2037","2024","","3.6853766325478894","2038.0","2037.0","3.6853766325478894","0","0","0","1","1"
"2039 ? 2038","2025","","2.8632415427221174","2039.0","2038.0","2.8632415427221174","0","0","0","1","1"
"2040 ? 2039","2026","","1.7841081341384195","2040.0","2039.0","1.7841081341384195","0","0","0","1","1"
"2041 ? 2040","2027","","0.0","2041.0","2040.0","0.0","0","0","0","1","1"
"2042 ? 2041","2028","","2.3122062811232698","2042.0","2041.0","2.3122062811232698","0","0","0","1","1"
"2043 ? 2042","2029","5.360957962268841","2.315374259654115","2043.0","2042.0","2.315374259654115","0","0","0","1","1"
"2044 ? 2043","2030","0.6097938494722779","0.780892982086712","2044.0","2043.0","0.780892982086712","0","0","0","1","1"
"2045 ? 2074","2033","","5.2245003445466045","2045.0","2074.0","5.2245003445466045","0","0","0","1","1"
"2031 ? 2045","2034","","0.0","2031.0","2045.0","0.0","0","0","0","1","1"
"2059 ? 2057","2035","","3.1379638219672867","2059.0","2057.0","1.5689819109836434","0","0","0","1","1"
"2076 ? 2075","2036","","4.9620843358686075","2076.0","2075.0","4.9620843358686075","0","0","0","1","1"
"2077 ? 2076","2037","","2.3807459206117776","2077.0","2076.0","2.3807459206117776","0","0","0","1","1"
"2078 ? 2077","2038","","0.0","2078.0","2077.0","0.0","0","0","0","1","1"
"2079 ? 2078","2039","","0.6663451003994846","2079.0","2078.0","0.6663451003994846","0","0","0","1","1"
"2080 ? 2079","2040","","3.331725501997386","2080.0","2079.0","3.331725501997386","0","0","0","1","1"
"2081 ? 2080","2041","","0.8008471422147118","2081.0","2080.0","0.8008471422147118","0","0","0","1","1"
"2082 ? 2081","2042","","0.0","2082.0","2081.0","0.0","0","0","0","1","1"
"2046 ? 2082","2043","","4.113800804660908","2046.0","2082.0","4.113800804660908","0","0","0","1","1"
"2047 ? 2046","2044","","2.653913229071259","2047.0","2046.0","2.653913229071259","0","0","0","1","1"
"2048 ? 2047","2045","4.667152031492894","2.1603592366763666","2048.0","2047.0","2.1603592366763666","0","0","0","1","1"
"2049 ? 2048","2046","8.433668006850665","2.904077823828188","2049.0","2048.0","2.904077823828188","0","0","0","1","1"
"2050 ? 2049","2047","3.1488472081332284","1.7744991428944756","2050.0","2049.0","1.7744991428944756","0","0","0","1","1"
"2051 ? 2050","2048","1.2735891009319287","1.1285340495226224","2051.0","2050.0","1.1285340495226224","0","0","0","1","1"
"2069 ? 2066","2049","","7.825225345260909","2069.0","2066.0","2.608408448420303","0","0","0","1","1"
"2068 ? 2067","2050","","2.3415422926271474","2068.0","2067.0","2.3415422926271474","0","0","0","1","1"
"2067 ? 2070","2051","","1.985087496329649","2067.0","2070.0","1.985087496329649","0","0","0","1","1"
"2070 ? 2084","2052","","0.0","2070.0","2084.0","0.0","0","0","0","1","1"
"2072 ? 2071","2053","0.9603830979642154","0.9799913764744134","2072.0","2071.0","0.9799913764744134","0","0","0","1","1"
"2073 ? 2072","2054","2.371633170594102","1.5400107696357523","2073.0","2072.0","1.5400107696357523","0","0","0","1","1"
"2056 ? 2053","2055","","1.728808862241282","2056.0","2053.0","1.728808862241282","0","0","0","1","1"
"2053 ? 2052","2056","","3.437639189627197","2053.0","2052.0","3.437639189627197","0","0","0","1","1"
"2055 ? 2054","2057","","3.782112566142975","2055.0","2054.0","3.782112566142975","0","0","0","1","1"
"2058 ? 2056","2058","","2.4999960476750664","2058.0","2056.0","2.4999960476750664","0","0","0","1","1"
"2054 ? 2051","2059","","9.208847950539102","2054.0","2051.0","3.069615983513034","0","0","0","1","1"
"2074 ? 2058","2060","","3.5542165373837515","2074.0","2058.0","3.5542165373837515","0","0","0","1","1"
"2057 ? 2055","2061","","3.753310584716657","2057.0","2055.0","1.8766552923583284","0","0","0","1","1"
"2060 ? 2059","2062","","1.6335183126841606","2060.0","2059.0","1.6335183126841606","0","0","0","1","1"
"2061 ? 2060","2063","","0.0","2061.0","2060.0","0.0","0","0","0","1","1"
"2519 ? 2518","2064","","2.690057821587845","2519.0","2518.0","1.3450289107939224","0","0","0","0","0"
"2063 ? 2062","2065","","0.0","2063.0","2062.0","0.0","0","0","0","1","1"
"2064 ? 2063","2066","","2.9094904148508633","2064.0","2063.0","2.9094904148508633","0","0","0","1","1"
"2065 ? 2064","2067","","1.7392879979189497","2065.0","2064.0","1.7392879979189497","0","0","0","1","1"
"2066 ? 2065","2068","","3.6745116092339654","2066.0","2065.0","3.6745116092339654","0","0","0","1","1"
"2071 ? 2069","2069","","3.9643174274784565","2071.0","2069.0","1.9821587137392283","0","0","0","1","1"
"2052 ? 2068","2070","","1.8090424520341404","2052.0","2068.0","1.8090424520341404","0","0","0","1","1"
"2528 ? 2527","2071","","10.748162413288933","2528.0","2527.0","5.374081206644466","0","0","0","0","0"
"2084 ? 2083","2072","","1.9719081170441495","2084.0","2083.0","1.9719081170441495","0","0","0","1","1"
"2233 ? 2232","2090","","4.570546715532508","2233.0","2232.0","4.570546715532508","0","0","0","1","1"
"2249 ? 2248","2091","","1.5504317312370832","2249.0","2248.0","0.7752158656185416","0","0","0","0","0"
"2200 ? 2199","2093","","7.117971640552197","2200.0","2199.0","7.117971640552197","0","0","0","1","1"
"2201 ? 2200","2094","","10.40949785307403","2201.0","2200.0","10.40949785307403","0","0","0","1","1"
"2088 ? 2201","2095","","10.69339753635038","2088.0","2201.0","10.69339753635038","0","0","0","1","1"
"2238 ? 2237","2099","","1.7414174658091903","2238.0","2237.0","1.7414174658091903","0","0","0","1","1"
"2085 ? 2238","2100","","0.0","2085.0","2238.0","0.0","0","0","0","1","1"
"2118 ? 2085","2101","","1.654290705263064","2118.0","2085.0","1.654290705263064","0","0","0","1","1"
"2119 ? 2118","2102","","0.27196371665398983","2119.0","2118.0","0.27196371665398983","0","0","0","1","1"
"2120 ? 2119","2103","","0.6933741491038402","2120.0","2119.0","0.6933741491038402","0","0","0","1","1"
"2121 ? 2120","2104","","0.9805791254615368","2121.0","2120.0","0.9805791254615368","0","0","0","1","1"
"2122 ? 2121","2105","","1.6542907052631972","2122.0","2121.0","1.6542907052631972","0","0","0","1","1"
"2123 ? 2122","2106","","5.4364267786299045","2123.0","2122.0","5.4364267786299045","0","0","0","1","1"
"2124 ? 2123","2107","","2.0712139590637846","2124.0","2123.0","2.0712139590637846","0","0","0","1","1"
"2125 ? 2124","2108","","0.0","2125.0","2124.0","0.0","0","0","0","1","1"
"2126 ? 2125","2109","","2.507381576461401","2126.0","2125.0","2.507381576461401","0","0","0","1","1"
"2127 ? 2126","2110","","2.8846108242401547","2127.0","2126.0","2.8846108242401547","0","0","0","1","1"
"2128 ? 2127","2111","","1.290037178326685","2128.0","2127.0","1.290037178326685","0","0","0","1","1"
"2129 ? 2128","2112","","1.4859508793017235","2129.0","2128.0","1.4859508793017235","0","0","0","1","1"
"2130 ? 2129","2113","","3.1145131462118782","2130.0","2129.0","3.1145131462118782","0","0","0","1","1"
"2131 ? 2130","2114","","1.501244087124362","2131.0","2130.0","1.501244087124362","0","0","0","1","1"
"2132 ? 2131","2115","","2.0426583495806634","2132.0","2131.0","2.0426583495806634","0","0","0","1","1"
"2133 ? 2132","2116","","1.6041689477691032","2133.0","2132.0","1.6041689477691032","0","0","0","1","1"
"2134 ? 2133","2117","","2.194745355350342","2134.0","2133.0","2.194745355350342","0","0","0","1","1"
"2135 ? 2134","2118","","2.0316023120329487","2135.0","2134.0","2.0316023120329487","0","0","0","1","1"
"2136 ? 2135","2119","","1.215363863559401","2136.0","2135.0","1.215363863559401","0","0","0","1","1"
"2137 ? 2136","2120","","1.660197439112686","2137.0","2136.0","1.660197439112686","0","0","0","1","1"
"2138 ? 2137","2121","","2.043295390114932","2138.0","2137.0","2.043295390114932","0","0","0","1","1"
"2139 ? 2138","2122","","2.5161322227031566","2139.0","2138.0","2.5161322227031566","0","0","0","1","1"
"2140 ? 2139","2123","","5.827980109581964","2140.0","2139.0","5.827980109581964","0","0","0","1","1"
"2141 ? 2140","2124","","3.1305374731583897","2141.0","2140.0","3.1305374731583897","0","0","0","1","1"
"2142 ? 2141","2125","","1.4000189192184689","2142.0","2141.0","1.4000189192184689","0","0","0","1","1"
"2143 ? 2142","2126","","1.6430750457395058","2143.0","2142.0","1.6430750457395058","0","0","0","1","1"
"2144 ? 2143","2127","","4.038455153936269","2144.0","2143.0","4.038455153936269","0","0","0","1","1"
"2145 ? 2144","2128","","4.104996390147267","2145.0","2144.0","4.104996390147267","0","0","0","1","1"
"2146 ? 2145","2129","","0.0","2146.0","2145.0","0.0","0","0","0","1","1"
"2147 ? 2146","2130","","4.66039088239646","2147.0","2146.0","4.66039088239646","0","0","0","1","1"
"2148 ? 2147","2131","","0.9397978539447003","2148.0","2147.0","0.9397978539447003","0","0","0","1","1"
"2149 ? 2148","2132","","2.3832789002219354","2149.0","2148.0","2.3832789002219354","0","0","0","1","1"
"2150 ? 2149","2133","","5.675277659080382","2150.0","2149.0","5.675277659080382","0","0","0","1","1"
"2151 ? 2150","2134","","5.058677847669092","2151.0","2150.0","5.058677847669092","0","0","0","1","1"
"2152 ? 2151","2135","","0.0","2152.0","2151.0","0.0","0","0","0","1","1"
"2153 ? 2152","2136","","4.142427918127534","2153.0","2152.0","4.142427918127534","0","0","0","1","1"
"2154 ? 2153","2137","","2.192641581849018","2154.0","2153.0","2.192641581849018","0","0","0","1","1"
"2155 ? 2154","2138","","6.596170138826256","2155.0","2154.0","6.596170138826256","0","0","0","1","1"
"2156 ? 2155","2139","","0.0","2156.0","2155.0","0.0","0","0","0","1","1"
"2157 ? 2156","2140","","4.038455153936241","2157.0","2156.0","4.038455153936241","0","0","0","1","1"
"2158 ? 2157","2141","","6.501977927177267","2158.0","2157.0","6.501977927177267","0","0","0","1","1"
"2159 ? 2158","2142","","4.5872467639786745","2159.0","2158.0","4.5872467639786745","0","0","0","1","1"
"2160 ? 2159","2143","","2.935444882812307","2160.0","2159.0","2.935444882812307","0","0","0","1","1"
"2161 ? 2160","2144","","4.4853405203984416","2161.0","2160.0","4.4853405203984416","0","0","0","1","1"
"2162 ? 2161","2145","","3.183253690038165","2162.0","2161.0","3.183253690038165","0","0","0","1","1"
"2163 ? 2162","2146","","5.210410069499587","2163.0","2162.0","5.210410069499587","0","0","0","1","1"
"2164 ? 2163","2147","","2.150061963877744","2164.0","2163.0","2.150061963877744","0","0","0","1","1"
"2165 ? 2164","2148","","0.0","2165.0","2164.0","0.0","0","0","0","1","1"
"2166 ? 2165","2149","","7.0185610544724035","2166.0","2165.0","7.0185610544724035","0","0","0","1","1"
"2167 ? 2166","2150","","12.021903769633214","2167.0","2166.0","12.021903769633214","0","0","0","1","1"
"2169 ? 2167","2152","","5.429066114510132","2169.0","2167.0","5.429066114510132","0","0","0","1","1"
"2170 ? 2169","2153","","1.9611582509230527","2170.0","2169.0","1.9611582509230527","0","0","0","1","1"
"2171 ? 2170","2154","","4.571094436486573","2171.0","2170.0","4.571094436486573","0","0","0","1","1"
"2172 ? 2171","2155","","3.535528316501055","2172.0","2171.0","3.535528316501055","0","0","0","1","1"
"2173 ? 2172","2156","","11.386806108294982","2173.0","2172.0","11.386806108294982","0","0","0","1","1"
"2174 ? 2173","2157","","6.072164786411999","2174.0","2173.0","6.072164786411999","0","0","0","1","1"
"2175 ? 2174","2158","","3.2692256008054725","2175.0","2174.0","3.2692256008054725","0","0","0","1","1"
"2176 ? 2175","2159","","4.359910049105063","2176.0","2175.0","4.359910049105063","0","0","0","1","1"
"2177 ? 2176","2160","","2.9101388512709714","2177.0","2176.0","2.9101388512709714","0","0","0","1","1"
"2178 ? 2177","2161","","7.694698998177867","2178.0","2177.0","7.694698998177867","0","0","0","1","1"
"2179 ? 2178","2162","","6.201726924948422","2179.0","2178.0","6.201726924948422","0","0","0","1","1"
"2180 ? 2179","2163","","5.429066114510036","2180.0","2179.0","5.429066114510036","0","0","0","1","1"
"2181 ? 2180","2164","","3.2236592525043637","2181.0","2180.0","3.2236592525043637","0","0","0","1","1"
"2182 ? 2181","2165","","2.941737376384354","2182.0","2181.0","2.941737376384354","0","0","0","1","1"
"2183 ? 2182","2166","","5.415425223319868","2183.0","2182.0","5.415425223319868","0","0","0","1","1"
"2184 ? 2183","2167","","6.41857418662042","2184.0","2183.0","6.41857418662042","0","0","0","1","1"
"2185 ? 2184","2168","","7.000094596092358","2185.0","2184.0","7.000094596092358","0","0","0","1","1"
"2186 ? 2185","2169","","2.529408777707158","2186.0","2185.0","2.529408777707158","0","0","0","1","1"
"2187 ? 2186","2170","","10.307747768190287","2187.0","2186.0","10.307747768190287","0","0","0","1","1"
"2188 ? 2187","2171","","4.92922513721834","2188.0","2187.0","4.92922513721834","0","0","0","1","1"
"2189 ? 2188","2172","","8.655968957748346","2189.0","2188.0","8.655968957748346","0","0","0","1","1"
"2190 ? 2189","2173","","3.893927830754429","2190.0","2189.0","3.893927830754429","0","0","0","1","1"
"2191 ? 2190","2174","","5.24897018786914","2191.0","2190.0","5.24897018786914","0","0","0","1","1"
"2192 ? 2191","2175","","7.643853201494348","2192.0","2191.0","7.643853201494348","0","0","0","1","1"
"2193 ? 2192","2176","","8.220410889079885","2193.0","2192.0","8.220410889079885","0","0","0","1","1"
"2194 ? 2193","2177","","7.561373911876824","2194.0","2193.0","7.561373911876824","0","0","0","1","1"
"2195 ? 2194","2178","","7.980372074513832","2195.0","2194.0","7.980372074513832","0","0","0","1","1"
"2196 ? 2195","2179","","10.421417742864696","2196.0","2195.0","10.421417742864696","0","0","0","1","1"
"2197 ? 2196","2180","","7.556481401554337","2197.0","2196.0","7.556481401554337","0","0","0","1","1"
"2198 ? 2197","2181","","7.117971640552166","2198.0","2197.0","7.117971640552166","0","0","0","1","1"
"2199 ? 2198","2182","","5.707999468213259","2199.0","2198.0","5.707999468213259","0","0","0","1","1"
"2030 ? 2031","2207","","3.7880162428619486","2030.0","2031.0","3.7880162428619486","0","0","0","1","1"
"2229 ? 2227","2208","","2.7734965964150096","2229.0","2227.0","2.7734965964150096","0","0","0","1","1"
"2227 ? 2228","2209","","1.660687360997055","2227.0","2228.0","1.660687360997055","0","0","0","1","1"
"2230 ? 2229","2210","","0.8600247855508989","2230.0","2229.0","0.8600247855508989","0","0","0","1","1"
"2231 ? 2230","2211","","5.000778727620699","2231.0","2230.0","5.000778727620699","0","0","0","1","1"
"2232 ? 2231","2212","","3.2247924652230315","2232.0","2231.0","3.2247924652230315","0","0","0","1","1"
"2270 ? 2269","2213","","0.961536941413452","2270.0","2269.0","0.961536941413452","0","0","0","1","1"
"2271 ? 2270","2214","","1.6542907052630444","2271.0","2270.0","1.6542907052630444","0","0","0","1","1"
"2272 ? 2271","2215","","1.5384591062614927","2272.0","2271.0","1.5384591062614927","0","0","0","1","1"
"2273 ? 2272","2216","","3.7701422607828627","2273.0","2272.0","3.7701422607828627","0","0","0","1","1"
"2275 ? 2274","2217","","2.6876669983915074","2275.0","2274.0","2.6876669983915074","0","0","0","1","1"
"2277 ? 2276","2218","","4.200056757655473","2277.0","2276.0","4.200056757655473","0","0","0","1","1"
"1888 ? 1887","2219","","4.114311987804128","1888.0","1887.0","2.057155993902064","0","0","0","0","0"
"2279 ? 2278","2221","23.231967678441524","4.819955153156669","2279.0","2278.0","4.819955153156669","0","0","0","1","1"
"2280 ? 2279","2222","23.199103588084693","5.7865418723587965","2280.0","2279.0","5.7865418723587965","0","0","0","1","1"
"2281 ? 2280","2223","","2.1153812711095688","2281.0","2280.0","2.1153812711095688","0","0","0","1","1"
"2282 ? 2281","2224","","6.2170031836686395","2282.0","2281.0","6.2170031836686395","0","0","0","1","1"
"2283 ? 2282","2225","","2.5098070568319164","2283.0","2282.0","2.5098070568319164","0","0","0","1","1"
"2284 ? 2283","2226","","1.403024797371141","2284.0","2283.0","1.403024797371141","0","0","0","1","1"
"2285 ? 2284","2227","","4.064271287522002","2285.0","2284.0","4.064271287522002","0","0","0","1","1"
"2287 ? 2286","2228","","4.505906151027767","2287.0","2286.0","4.505906151027767","0","0","0","1","1"
"2288 ? 2287","2229","","0.9615369414134286","2288.0","2287.0","0.9615369414134286","0","0","0","1","1"
"2289 ? 2288","2230","","0.0","2289.0","2288.0","0.0","0","0","0","1","1"
"2290 ? 2289","2231","","0.0","2290.0","2289.0","0.0","0","0","0","1","1"
"2291 ? 2290","2232","","1.7414174658089892","2291.0","2290.0","1.7414174658089892","0","0","0","1","1"
"2292 ? 2291","2233","","4.3117498313491724","2292.0","2291.0","4.3117498313491724","0","0","0","1","1"
"2293 ? 2292","2234","","4.217630293645875","2293.0","2292.0","4.217630293645875","0","0","0","1","1"
"2294 ? 2293","2235","","4.759397806127704","2294.0","2293.0","4.759397806127704","0","0","0","1","1"
"2295 ? 2294","2236","","1.9731227016044335","2295.0","2294.0","1.9731227016044335","0","0","0","1","1"
"2296 ? 2295","2237","","4.946679822212571","2296.0","2295.0","4.946679822212571","0","0","0","1","1"
"2297 ? 2296","2238","","3.130537473158151","2297.0","2296.0","3.130537473158151","0","0","0","1","1"
"2298 ? 2297","2239","","1.2900371783264846","2298.0","2297.0","1.2900371783264846","0","0","0","1","1"
"2299 ? 2298","2240","","1.359818583269572","2299.0","2298.0","1.359818583269572","0","0","0","1","1"
"2300 ? 2299","2241","","0.0","2300.0","2299.0","0.0","0","0","0","1","1"
"2301 ? 2300","2242","","0.2719637166540724","2301.0","2300.0","0.2719637166540724","0","0","0","1","1"
"2302 ? 2301","2243","","0.693374149103648","2302.0","2301.0","0.693374149103648","0","0","0","1","1"
"2303 ? 2302","2244","","5.743078637914038","2303.0","2302.0","5.743078637914038","0","0","0","1","1"
"2304 ? 2303","2245","","1.5504317312371305","2304.0","2303.0","1.5504317312371305","0","0","0","1","1"
"2305 ? 2304","2246","","5.8576025025630525","2305.0","2304.0","5.8576025025630525","0","0","0","1","1"
"2306 ? 2305","2247","","4.955238942388515","2306.0","2305.0","4.955238942388515","0","0","0","1","1"
"2307 ? 2306","2248","","3.200632820225447","2307.0","2306.0","3.200632820225447","0","0","0","1","1"
"2308 ? 2307","2249","","2.0801224473113327","2308.0","2307.0","2.0801224473113327","0","0","0","1","1"
"2309 ? 2308","2250","","5.058677847669117","2309.0","2308.0","5.058677847669117","0","0","0","1","1"
"2310 ? 2309","2251","","4.269916963236672","2310.0","2309.0","4.269916963236672","0","0","0","1","1"
"2311 ? 2310","2252","","1.3461517179788154","2311.0","2310.0","1.3461517179788154","0","0","0","1","1"
"2312 ? 2311","2253","","1.5504317312369824","2312.0","2311.0","1.5504317312369824","0","0","0","1","1"
"2234 ? 2116","2254","","2.1926415818492178","2234.0","2116.0","2.1926415818492178","0","0","0","1","1"
"2235 ? 2234","2255","","1.9611582509227008","2235.0","2234.0","1.9611582509227008","0","0","0","1","1"
"2236 ? 2235","2256","","1.1213351300996441","2236.0","2235.0","1.1213351300996441","0","0","0","1","1"
"2237 ? 2236","2257","","1.5504317312372513","2237.0","2236.0","1.5504317312372513","0","0","0","1","1"
"2239 ? 2397","2258","","7.392579201082034","2239.0","2397.0","7.392579201082034","0","0","0","1","1"
"2240 ? 2239","2259","","5.231326540677541","2240.0","2239.0","5.231326540677541","0","0","0","1","1"
"2241 ? 2240","2260","","4.211652801521567","2241.0","2240.0","4.211652801521567","0","0","0","1","1"
"2244 ? 2242","2261","","4.793775955375797","2244.0","2242.0","4.793775955375797","0","0","0","1","1"
"2242 ? 2243","2262","","2.844755555509346","2242.0","2243.0","2.844755555509346","0","0","0","1","1"
"2228 ? 2030","2263","","3.2478327972439085","2228.0","2030.0","1.0826109324146362","0","0","0","0","0"
"2245 ? 2244","2264","","0.0","2245.0","2244.0","0.0","0","0","0","1","1"
"2246 ? 2245","2265","","3.5920047783623588","2246.0","2245.0","3.5920047783623588","0","0","0","1","1"
"2247 ? 2246","2266","","3.535528316501001","2247.0","2246.0","3.535528316501001","0","0","0","1","1"
"2248 ? 2247","2267","","4.167337404280045","2248.0","2247.0","4.167337404280045","0","0","0","1","1"
"2251 ? 2250","2269","","2.0077480775993286","2251.0","2250.0","2.0077480775993286","0","0","0","1","1"
"2252 ? 2251","2270","","2.150061963877497","2252.0","2251.0","2.150061963877497","0","0","0","1","1"
"2253 ? 2252","2271","","1.3598185832696073","2253.0","2252.0","1.3598185832696073","0","0","0","1","1"
"2254 ? 2253","2272","","3.2917722514347627","2254.0","2253.0","3.2917722514347627","0","0","0","1","1"
"2255 ? 2254","2273","","1.730766494544052","2255.0","2254.0","1.730766494544052","0","0","0","1","1"
"2256 ? 2255","2274","","0.9805791254613044","2256.0","2255.0","0.9805791254613044","0","0","0","1","1"
"2257 ? 2256","2275","","3.7842347594102046","2257.0","2256.0","3.7842347594102046","0","0","0","1","1"
"2258 ? 2257","2276","","2.0712139590636953","2258.0","2257.0","2.0712139590636953","0","0","0","1","1"
"2259 ? 2258","2277","","2.588021860712875","2259.0","2258.0","2.588021860712875","0","0","0","1","1"
"2260 ? 2259","2278","","2.3474108303890104","2260.0","2259.0","2.3474108303890104","0","0","0","1","1"
"2261 ? 2260","2279","","1.4000189192184553","2261.0","2260.0","1.4000189192184553","0","0","0","1","1"
"2262 ? 2261","2280","","1.9230738828269072","2262.0","2261.0","1.9230738828269072","0","0","0","1","1"
"2264 ? 2263","2282","","2.315687604206268","2264.0","2263.0","2.315687604206268","0","0","0","1","1"
"2266 ? 2265","2284","","1.9799257431375616","2266.0","2265.0","1.9799257431375616","0","0","0","1","1"
"2267 ? 2266","2285","","4.12341702527311","2267.0","2266.0","4.12341702527311","0","0","0","1","1"
"2268 ? 2267","2286","","0.0","2268.0","2267.0","0.0","0","0","0","1","1"
"2313 ? 2115","2288","","0.9582848148153497","2313.0","2115.0","0.9582848148153497","0","0","0","1","1"
"2314 ? 2313","2289","","3.6157707814977673","2314.0","2313.0","3.6157707814977673","0","0","0","1","1"
"2315 ? 2314","2290","","0.0","2315.0","2314.0","0.0","0","0","0","1","1"
"2316 ? 2315","2291","","1.5705904636763817","2316.0","2315.0","1.5705904636763817","0","0","0","1","1"
"2317 ? 2316","2292","","0.9423542782057325","2317.0","2316.0","0.9423542782057325","0","0","0","1","1"
"2318 ? 2317","2293","","2.887495435064323","2318.0","2317.0","2.887495435064323","0","0","0","1","1"
"2319 ? 2318","2294","","0.7692851487345332","2319.0","2318.0","0.7692851487345332","0","0","0","1","1"
"2320 ? 2319","2295","","2.1689184277059286","2320.0","2319.0","2.1689184277059286","0","0","0","1","1"
"2321 ? 2320","2296","0.8321723608875315","0.9122348167481504","2321.0","2320.0","0.9122348167481504","0","0","0","1","1"
"2322 ? 2321","2297","3.897744317920013","1.9742705786998935","2322.0","2321.0","1.9742705786998935","0","0","0","1","1"
"2323 ? 2322","2298","0.05895597721407197","0.24280851964886233","2323.0","2322.0","0.24280851964886233","0","0","0","1","1"
"2324 ? 2323","2299","5.399697717656629","2.3237249660096673","2324.0","2323.0","2.3237249660096673","0","0","0","1","1"
"2411 ? 2410","2300","","4.781735308989718","2411.0","2410.0","2.390867654494859","0","0","0","0","0"
"2326 ? 2325","2301","1.0473541867934977","1.0234032376309437","2326.0","2325.0","1.0234032376309437","0","0","0","1","1"
"2327 ? 2326","2302","1.130171886309279","1.0630954267182597","2327.0","2326.0","1.0630954267182597","0","0","0","1","1"
"2328 ? 2327","2303","1.419093839364014","1.1912572515472946","2328.0","2327.0","1.1912572515472946","0","0","0","1","1"
"2330 ? 2329","2305","14.391834553879432","3.793657147645189","2330.0","2329.0","3.793657147645189","0","0","0","1","1"
"2331 ? 2330","2306","11.381324691955399","3.373621895227057","2331.0","2330.0","3.373621895227057","0","0","0","1","1"
"2332 ? 2331","2307","7.896571409735314","2.810083879483905","2332.0","2331.0","2.810083879483905","0","0","0","1","1"
"2333 ? 2332","2308","15.911955105451451","3.9889792059437275","2333.0","2332.0","3.9889792059437275","0","0","0","1","1"
"2334 ? 2333","2309","12.50857977528008","3.5367470612527665","2334.0","2333.0","3.5367470612527665","0","0","0","1","1"
"2335 ? 2334","2310","12.991611541983119","3.6043878179218063","2335.0","2334.0","3.6043878179218063","0","0","0","1","1"
"2336 ? 2335","2311","2.823942091764723","1.6804588932088529","2336.0","2335.0","1.6804588932088529","0","0","0","1","1"
"2423 ? 2422","2312","","0.31182945416408425","2423.0","2422.0","0.15591472708204213","0","0","0","0","0"
"2338 ? 2337","2313","3.425878995900168","1.299475734917884","2338.0","2337.0","1.299475734917884","0","0","0","1","1"
"2339 ? 2338","2314","15.32749628387293","3.9150346465737607","2339.0","2338.0","3.9150346465737607","0","0","0","1","1"
"2340 ? 2339","2315","36.96645486890948","6.080004512244171","2340.0","2339.0","6.080004512244171","0","0","0","1","1"
"2341 ? 2340","2316","26.46679459670684","5.144588865663304","2341.0","2340.0","5.144588865663304","0","0","0","1","1"
"2342 ? 2341","2317","2.4543218185515396","1.566627530254572","2342.0","2341.0","1.566627530254572","0","0","0","1","1"
"2343 ? 2342","2318","15.276664010857258","3.9085373237129586","2343.0","2342.0","3.9085373237129586","0","0","0","1","1"
"2344 ? 2343","2319","4.870181174202552","2.206848697623503","2344.0","2343.0","2.206848697623503","0","0","0","1","1"
"2345 ? 2344","2320","9.80517216731694","3.131321153653349","2345.0","2344.0","3.131321153653349","0","0","0","1","1"
"2346 ? 2345","2321","","4.783932016661786","2346.0","2345.0","4.783932016661786","0","0","0","1","1"
"2347 ? 2346","2322","","4.980096177286338","2347.0","2346.0","4.980096177286338","0","0","0","1","1"
"2348 ? 2347","2323","","2.579484360224176","2348.0","2347.0","2.579484360224176","0","0","0","1","1"
"2349 ? 2348","2324","9.099455621611801","3.016530394610968","2349.0","2348.0","3.016530394610968","0","0","0","1","1"
"2435 ? 2434","2325","","1.5591472708204528","2435.0","2434.0","0.7795736354102264","0","0","0","0","0"
"2351 ? 2350","2326","1.0153404353981532","1.0076410250670391","2351.0","2350.0","1.0076410250670391","0","0","0","1","1"
"2352 ? 2351","2327","6.081031986645668","2.465974855233862","2352.0","2351.0","2.465974855233862","0","0","0","1","1"
"2353 ? 2352","2328","4.283926853649351","2.0697649271473684","2353.0","2352.0","2.0697649271473684","0","0","0","1","1"
"2354 ? 2353","2329","0.9439412393200839","0.9715663844123488","2354.0","2353.0","0.9715663844123488","0","0","0","1","1"
"2355 ? 2354","2330","4.10383420104703","2.025792240346238","2355.0","2354.0","2.025792240346238","0","0","0","1","1"
"2356 ? 2355","2331","11.63373816229759","3.410826609826068","2356.0","2355.0","3.410826609826068","0","0","0","1","1"
"2357 ? 2356","2332","13.397266193435502","3.660227614976356","2357.0","2356.0","3.660227614976356","0","0","0","1","1"
"2358 ? 2357","2333","4.209312699257822","2.051660961089288","2358.0","2357.0","2.051660961089288","0","0","0","1","1"
"2359 ? 2358","2334","4.853870068338768","2.2031500330977845","2359.0","2358.0","2.2031500330977845","0","0","0","1","1"
"2360 ? 2359","2335","8.345994485918121","2.8889434895681365","2360.0","2359.0","2.8889434895681365","0","0","0","1","1"
"2361 ? 2360","2336","13.167589815406986","3.6287173788278118","2361.0","2360.0","3.6287173788278118","0","0","0","1","1"
"2363 ? 2362","2338","11.183067278025494","3.344109340022466","2363.0","2362.0","3.344109340022466","0","0","0","1","1"
"2453 ? 2452","2340","","2.7433123494392277","2453.0","2452.0","1.3716561747196139","0","0","0","0","0"
"2365 ? 2364","2341","8.77955988662975","2.9630322115410337","2365.0","2364.0","2.9630322115410337","0","0","0","1","1"
"2366 ? 2365","2342","0.45281712337490154","0.6729168770174379","2366.0","2365.0","0.6729168770174379","0","0","0","1","1"
"2367 ? 2366","2343","1.2538229152075138","1.1197423432234372","2367.0","2366.0","1.1197423432234372","0","0","0","1","1"
"2368 ? 2367","2344","5.877015183268022","2.424255593634471","2368.0","2367.0","2.424255593634471","0","0","0","1","1"
"2592 ? 2591","2345","","1.8844089435318025","2592.0","2591.0","0.9422044717659013","0","0","0","0","0"
"2369 ? 2368","2346","","2.6665683568717244","2369.0","2368.0","1.3332841784358622","0","0","0","0","0"
"2370 ? 2369","2347","16.58398527053052","4.072343952876588","2370.0","2369.0","4.072343952876588","0","0","0","1","1"
"2371 ? 2370","2348","5.900307945712982","2.429054949092956","2371.0","2370.0","2.429054949092956","0","0","0","1","1"
"2372 ? 2371","2349","7.159156749739844","2.6756600587032433","2372.0","2371.0","2.6756600587032433","0","0","0","1","1"
"2373 ? 2372","2350","","10.367238032299213","2373.0","2372.0","1.727873005383202","0","0","0","0","0"
"2374 ? 2373","2351","11.285257330063569","3.359353707197795","2374.0","2373.0","3.359353707197795","0","0","0","1","1"
"2375 ? 2374","2352","6.464439109150701","2.542526127525674","2375.0","2374.0","2.542526127525674","0","0","0","1","1"
"2600 ? 2599","2353","","9.103405012342286","2600.0","2599.0","4.551702506171143","0","0","0","0","0"
"2377 ? 2376","2354","","2.7725534395732456","2377.0","2376.0","2.7725534395732456","0","0","0","1","1"
"2378 ? 2377","2355","","4.152567530866488","2378.0","2377.0","4.152567530866488","0","0","0","1","1"
"2379 ? 2378","2356","","2.8713030478531607","2379.0","2378.0","2.8713030478531607","0","0","0","1","1"
"2380 ? 2379","2357","","4.247315102493614","2380.0","2379.0","4.247315102493614","0","0","0","1","1"
"2381 ? 2380","2358","","2.6385435741485237","2381.0","2380.0","2.6385435741485237","0","0","0","1","1"
"2382 ? 2381","2359","","1.8625708855828669","2382.0","2381.0","1.8625708855828669","0","0","0","1","1"
"2383 ? 2382","2360","","5.647085298535071","2383.0","2382.0","5.647085298535071","0","0","0","1","1"
"2384 ? 2383","2361","","1.2777130864204644","2384.0","2383.0","1.2777130864204644","0","0","0","1","1"
"2385 ? 2384","2362","","2.441067424082643","2385.0","2384.0","2.441067424082643","0","0","0","1","1"
"2386 ? 2385","2363","","3.0305350206392125","2386.0","2385.0","3.0305350206392125","0","0","0","1","1"
"2387 ? 2386","2364","","2.5273216526313704","2387.0","2386.0","2.5273216526313704","0","0","0","1","1"
"2388 ? 2387","2365","","4.8267704347678","2388.0","2387.0","4.8267704347678","0","0","0","1","1"
"2391 ? 2389","2366","","5.340283967084111","2391.0","2389.0","5.340283967084111","0","0","0","1","1"
"2389 ? 2390","2367","","3.487478021079853","2389.0","2390.0","3.487478021079853","0","0","0","1","1"
"2392 ? 2391","2369","","3.4982705709574047","2392.0","2391.0","3.4982705709574047","0","0","0","1","1"
"2393 ? 2392","2370","","3.4521906578047705","2393.0","2392.0","3.4521906578047705","0","0","0","1","1"
"2394 ? 2393","2371","","3.7468686969777667","2394.0","2393.0","3.7468686969777667","0","0","0","1","1"
"2395 ? 2534","2372","","7.208005577669052","2395.0","2534.0","7.208005577669052","0","0","0","1","1"
"2396 ? 2395","2373","","2.613626506026353","2396.0","2395.0","2.613626506026353","0","0","0","1","1"
"2397 ? 2396","2374","","4.136766572276291","2397.0","2396.0","4.136766572276291","0","0","0","1","1"
"2399 ? 2114","2376","","4.551307968704288","2399.0","2114.0","4.551307968704288","0","0","0","1","1"
"2400 ? 2399","2377","","0.4955380907224963","2400.0","2399.0","0.4955380907224963","0","0","0","1","1"
"2401 ? 2400","2378","","1.8804348408642242","2401.0","2400.0","1.8804348408642242","0","0","0","1","1"
"2402 ? 2401","2379","","0.0","2402.0","2401.0","0.0","0","0","0","1","1"
"2403 ? 2402","2380","","1.7308401405535156","2403.0","2402.0","1.7308401405535156","0","0","0","1","1"
"2404 ? 2403","2381","","0.0","2404.0","2403.0","0.0","0","0","0","1","1"
"2405 ? 2404","2382","","0.0","2405.0","2404.0","0.0","0","0","0","1","1"
"2406 ? 2405","2383","","0.0","2406.0","2405.0","0.0","0","0","0","1","1"
"2407 ? 2406","2384","","2.8804138822139165","2407.0","2406.0","2.8804138822139165","0","0","0","1","1"
"2408 ? 2407","2385","","0.0","2408.0","2407.0","0.0","0","0","0","1","1"
"2409 ? 2408","2386","","1.292205245162582","2409.0","2408.0","1.292205245162582","0","0","0","1","1"
"2410 ? 2409","2387","","0.7007966885718434","2410.0","2409.0","0.7007966885718434","0","0","0","1","1"
"2547 ? 2546","2388","","5.159137570039959","2547.0","2546.0","2.5795687850199793","0","0","0","0","0"
"2412 ? 2411","2389","","1.2857057766973308","2412.0","2411.0","1.2857057766973308","0","0","0","1","1"
"2413 ? 2412","2390","","1.559147270820567","2413.0","2412.0","1.559147270820567","0","0","0","1","1"
"2414 ? 2413","2391","","0.8819868864525577","2414.0","2413.0","0.8819868864525577","0","0","0","1","1"
"2329 ? 2328","2392","","1.9910149175441656","2329.0","2328.0","0.9955074587720828","0","0","0","0","0"
"2416 ? 2415","2393","","2.459487606429894","2416.0","2415.0","2.459487606429894","0","0","0","1","1"
"2417 ? 2416","2394","","1.9966827359035224","2417.0","2416.0","1.9966827359035224","0","0","0","1","1"
"2418 ? 2417","2395","","0.0","2418.0","2417.0","0.0","0","0","0","1","1"
"2419 ? 2418","2396","","0.0","2419.0","2418.0","0.0","0","0","0","1","1"
"2420 ? 2419","2397","","1.5900244716956302","2420.0","2419.0","1.5900244716956302","0","0","0","1","1"
"2421 ? 2420","2398","","0.0","2421.0","2420.0","0.0","0","0","0","1","1"
"2422 ? 2421","2399","","0.0","2422.0","2421.0","0.0","0","0","0","1","1"
"2559 ? 2558","2400","","0.5903352589008573","2559.0","2558.0","0.2951676294504286","0","0","0","0","0"
"2424 ? 2423","2401","","2.823735804871037","2424.0","2423.0","2.823735804871037","0","0","0","1","1"
"2425 ? 2424","2402","","2.659336455109085","2425.0","2424.0","2.659336455109085","0","0","0","1","1"
"2426 ? 2425","2403","","0.6972718568976493","2426.0","2425.0","0.6972718568976493","0","0","0","1","1"
"2427 ? 2426","2404","","4.281584676104293","2427.0","2426.0","4.281584676104293","0","0","0","1","1"
"2428 ? 2427","2405","","1.2857057766973345","2428.0","2427.0","1.2857057766973345","0","0","0","1","1"
"2429 ? 2428","2406","","0.6972718568976172","2429.0","2428.0","0.6972718568976172","0","0","0","1","1"
"2430 ? 2429","2407","","1.2857057766973068","2430.0","2429.0","1.2857057766973068","0","0","0","1","1"
"2431 ? 2430","2408","","3.1338472293512036","2431.0","2430.0","3.1338472293512036","0","0","0","1","1"
"2432 ? 2431","2409","","0.0","2432.0","2431.0","0.0","0","0","0","1","1"
"2433 ? 2432","2410","","2.2486341723772947","2433.0","2432.0","2.2486341723772947","0","0","0","1","1"
"2434 ? 2433","2411","","1.5591472708204597","2434.0","2433.0","1.5591472708204597","0","0","0","1","1"
"2572 ? 2571","2412","","12.553214376039842","2572.0","2571.0","2.0922023960066403","0","0","0","0","0"
"2437 ? 2436","2413","","2.248634172377255","2437.0","2436.0","0.7495447241257517","0","0","0","0","0"
"2438 ? 2437","2414","","1.247317816656179","2438.0","2437.0","1.247317816656179","0","0","0","1","1"
"2439 ? 2438","2415","","1.2857057766973865","2439.0","2438.0","1.2857057766973865","0","0","0","1","1"
"2440 ? 2439","2416","5.51206454473334","2.347778640488353","2440.0","2439.0","2.347778640488353","0","0","0","1","1"
"2441 ? 2440","2417","","0.0","2441.0","2440.0","0.0","0","0","0","1","1"
"2442 ? 2441","2418","","2.8237358048711405","2442.0","2441.0","2.8237358048711405","0","0","0","1","1"
"2443 ? 2442","2419","","1.2857057766972262","2443.0","2442.0","1.2857057766972262","0","0","0","1","1"
"2444 ? 2443","2420","","0.0","2444.0","2443.0","0.0","0","0","0","1","1"
"2445 ? 2444","2421","","1.972182633371248","2445.0","2444.0","1.972182633371248","0","0","0","1","1"
"2446 ? 2445","2422","","0.0","2446.0","2445.0","0.0","0","0","0","1","1"
"2447 ? 2446","2423","","0.9860913166855874","2447.0","2446.0","0.9860913166855874","0","0","0","1","1"
"2448 ? 2447","2424","37.720480233026045","6.141700109336669","2448.0","2447.0","6.141700109336669","0","0","0","1","1"
"2449 ? 2448","2425","7.673977810430071","2.7701945437875066","2449.0","2448.0","2.7701945437875066","0","0","0","1","1"
"2450 ? 2449","2426","","4.90566275779068","2450.0","2449.0","1.63522091926356","0","0","0","0","0"
"2362 ? 2361","2427","","3.2435209263093965","2362.0","2361.0","0.8108802315773491","0","0","0","0","0"
"2451 ? 2450","2428","18.208159202752764","4.267101967700416","2451.0","2450.0","4.267101967700416","0","0","0","1","1"
"2452 ? 2451","2429","8.960368462856012","2.9933874561867215","2452.0","2451.0","2.9933874561867215","0","0","0","1","1"
"2588 ? 2587","2431","","2.4663071200302484","2588.0","2587.0","1.2331535600151242","0","0","0","0","0"
"2455 ? 2454","2432","5.762193844063354","2.400457007334927","2455.0","2454.0","2.400457007334927","0","0","0","1","1"
"2456 ? 2455","2433","3.162416204658748","1.7783183642584215","2456.0","2455.0","1.7783183642584215","0","0","0","1","1"
"2457 ? 2456","2434","1.1343713580678663","1.0650687104914247","2457.0","2456.0","1.0650687104914247","0","0","0","1","1"
"2458 ? 2457","2435","0.7675176191669351","0.8760808291287597","2458.0","2457.0","0.8760808291287597","0","0","0","1","1"
"2459 ? 2458","2436","0.97471890579551","0.9872785350626793","2459.0","2458.0","0.9872785350626793","0","0","0","1","1"
"2460 ? 2459","2437","1.3721984596838979","1.1714087500458146","2460.0","2459.0","1.1714087500458146","0","0","0","1","1"
"2595 ? 2594","2440","","9.114745524414111","2595.0","2594.0","2.278686381103528","0","0","0","0","0"
"2464 ? 2463","2450","","0.7043393388892943","2464.0","2463.0","0.7043393388892943","0","0","0","1","1"
"2465 ? 2464","2451","","3.598340020400039","2465.0","2464.0","3.598340020400039","0","0","0","1","1"
"2466 ? 2465","2452","","3.243021857975887","2466.0","2465.0","3.243021857975887","0","0","0","1","1"
"2467 ? 2466","2453","","3.54708677236885","2467.0","2466.0","3.54708677236885","0","0","0","1","1"
"2468 ? 2467","2454","","1.621510928987818","2468.0","2467.0","1.621510928987818","0","0","0","1","1"
"2469 ? 2468","2455","","2.78338559186166","2469.0","2468.0","2.78338559186166","0","0","0","1","1"
"2470 ? 2469","2456","","1.6442967428275417","2470.0","2469.0","1.6442967428275417","0","0","0","1","1"
"2471 ? 2470","2457","","3.054809128815096","2471.0","2470.0","3.054809128815096","0","0","0","1","1"
"2472 ? 2471","2458","","0.0","2472.0","2471.0","0.0","0","0","0","1","1"
"2473 ? 2472","2459","","2.0715241423300363","2473.0","2472.0","2.0715241423300363","0","0","0","1","1"
"2474 ? 2473","2460","","0.5962493557010277","2474.0","2473.0","0.5962493557010277","0","0","0","1","1"
"2475 ? 2474","2461","","1.497487385904682","2475.0","2474.0","1.497487385904682","0","0","0","1","1"
"2477 ? 2476","2463","","0.31499012819660216","2477.0","2476.0","0.31499012819660216","0","0","0","1","1"
"2478 ? 2477","2464","","1.7324457050819833","2478.0","2477.0","1.7324457050819833","0","0","0","1","1"
"2479 ? 2478","2465","","0.3521696694446476","2479.0","2478.0","0.3521696694446476","0","0","0","1","1"
"2023 ? 2022","2466","","1.640568178784736","2023.0","2022.0","0.820284089392368","0","0","0","0","0"
"2481 ? 2480","2467","","1.922472259120327","2481.0","2480.0","1.922472259120327","0","0","0","1","1"
"2482 ? 2481","2468","","1.1357130584784048","2482.0","2481.0","1.1357130584784048","0","0","0","1","1"
"2483 ? 2482","2469","9.631302855812628","3.103434042445985","2483.0","2482.0","3.103434042445985","0","0","0","1","1"
"2484 ? 2483","2470","1.9189914972265298","2.1303598810916515","2484.0","2483.0","2.1303598810916515","0","0","0","1","1"
"2485 ? 2484","2471","","1.4520327452591726","2485.0","2484.0","1.4520327452591726","0","0","0","1","1"
"2486 ? 2485","2472","16.673627534162097","4.083335344318673","2486.0","2485.0","4.083335344318673","0","0","0","1","1"
"2487 ? 2486","2473","7.880676854693176","2.807254326685271","2487.0","2486.0","2.807254326685271","0","0","0","1","1"
"2337 ? 2336","2474","","4.664658386309987","2337.0","2336.0","2.3323291931549934","0","0","0","0","0"
"2489 ? 2488","2475","10.253219642742124","3.202064902955923","2489.0","2488.0","3.202064902955923","0","0","0","1","1"
"2490 ? 2489","2476","9.46261245657244","3.076135961977695","2490.0","2489.0","3.076135961977695","0","0","0","1","1"
"2491 ? 2490","2477","5.843837382052719","2.417403024332666","2491.0","2490.0","2.417403024332666","0","0","0","1","1"
"2492 ? 2491","2478","1.2488115484784608","1.1175023706813605","2492.0","2491.0","1.1175023706813605","0","0","0","1","1"
"2493 ? 2492","2479","2.8233122093308505","1.6802714689391267","2493.0","2492.0","1.6802714689391267","0","0","0","1","1"
"2494 ? 2493","2480","23.98651859755949","4.8976033524122276","2494.0","2493.0","4.8976033524122276","0","0","0","1","1"
"2495 ? 2494","2481","35.75413963993402","5.979476535611961","2495.0","2494.0","5.979476535611961","0","0","0","1","1"
"2496 ? 2495","2482","10.766164456096343","3.2811833926338747","2496.0","2495.0","3.2811833926338747","0","0","0","1","1"
"2497 ? 2496","2483","0.9289743251893857","0.9638331417778627","2497.0","2496.0","0.9638331417778627","0","0","0","1","1"
"2498 ? 2497","2484","12.05607066806906","3.4721852871166106","2498.0","2497.0","3.4721852871166106","0","0","0","1","1"
"2499 ? 2498","2485","5.570014599908358","2.3600878373290173","2499.0","2498.0","2.3600878373290173","0","0","0","1","1"
"2500 ? 2499","2486","20.50732016411993","4.528500873812429","2500.0","2499.0","4.528500873812429","0","0","0","1","1"
"2501 ? 2500","2487","","8.475277421186698","2501.0","2500.0","1.4125462368644497","0","0","0","0","0"
"2502 ? 2501","2488","21.579091015160596","2.8729189764823655","2502.0","2501.0","2.8729189764823655","0","0","0","1","1"
"2503 ? 2502","2489","3.9965422728184246","2.3314096890222946","2503.0","2502.0","2.3314096890222946","0","0","0","1","1"
"2504 ? 2503","2490","","1.1934137573652113","2504.0","2503.0","1.1934137573652113","0","0","0","1","1"
"2505 ? 2504","2491","","3.0607817444436107","2505.0","2504.0","3.0607817444436107","0","0","0","1","1"
"2506 ? 2505","2492","","0.9604627348490145","2506.0","2505.0","0.9604627348490145","0","0","0","1","1"
"2507 ? 2506","2493","","0.8590639859910689","2507.0","2506.0","0.8590639859910689","0","0","0","1","1"
"2508 ? 2507","2494","","1.6007712247482022","2508.0","2507.0","1.6007712247482022","0","0","0","1","1"
"2509 ? 2508","2495","","1.4317733099852175","2509.0","2508.0","1.4317733099852175","0","0","0","1","1"
"2510 ? 2509","2496","","0.0","2510.0","2509.0","0.0","0","0","0","1","1"
"2511 ? 2510","2497","","3.505272164160821","2511.0","2510.0","3.505272164160821","0","0","0","1","1"
"2512 ? 2511","2498","8.491262900460796","2.9139771619662356","2512.0","2511.0","2.9139771619662356","0","0","0","1","1"
"2513 ? 2512","2499","7.02157965104669","2.649826343564176","2513.0","2512.0","2.649826343564176","0","0","0","1","1"
"2514 ? 2513","2500","4.588650171448494","2.1421134823926797","2514.0","2513.0","2.1421134823926797","0","0","0","1","1"
"2516 ? 2515","2504","","5.211733516615462","2516.0","2515.0","5.211733516615462","0","0","0","1","1"
"2515 ? 2514","2507","","9.539998019042152","2515.0","2514.0","3.1799993396807174","0","0","0","0","0"
"2518 ? 2517","2508","","2.1524272515650935","2518.0","2517.0","2.1524272515650935","0","0","0","1","1"
"2520 ? 2519","2510","","0.905532950518384","2520.0","2519.0","0.905532950518384","0","0","0","1","1"
"2521 ? 2520","2511","","0.0","2521.0","2520.0","0.0","0","0","0","1","1"
"2522 ? 2521","2512","","3.6112835180121112","2522.0","2521.0","3.6112835180121112","0","0","0","1","1"
"2523 ? 2522","2513","","3.9393285367784174","2523.0","2522.0","3.9393285367784174","0","0","0","1","1"
"1829 ? 1828","2514","","12.484049499905733","1829.0","1828.0","2.0806749166509557","0","0","0","0","0"
"2525 ? 2524","2515","","3.135095877087178","2525.0","2524.0","3.135095877087178","0","0","0","1","1"
"2526 ? 2525","2516","","0.6431027112316943","2526.0","2525.0","0.6431027112316943","0","0","0","1","1"
"2527 ? 2526","2517","","4.154610440244165","2527.0","2526.0","4.154610440244165","0","0","0","1","1"
"2529 ? 2528","2519","","3.483654816743416","2529.0","2528.0","3.483654816743416","0","0","0","1","1"
"2530 ? 2529","2520","","2.6322832031923498","2530.0","2529.0","2.6322832031923498","0","0","0","1","1"
"2531 ? 2530","2521","","1.1182507030283535","2531.0","2530.0","1.1182507030283535","0","0","0","1","1"
"2532 ? 2531","2522","","1.4317733099852556","2532.0","2531.0","1.4317733099852556","0","0","0","1","1"
"2533 ? 2532","2523","","4.157270639488869","2533.0","2532.0","4.157270639488869","0","0","0","1","1"
"2534 ? 2533","2524","","1.5833510453109074","2534.0","2533.0","1.5833510453109074","0","0","0","1","1"
"2535 ? 2086","2525","","2.3894421897717857","2535.0","2086.0","2.3894421897717857","0","0","0","1","1"
"2536 ? 2535","2526","","4.7539332297059245","2536.0","2535.0","4.7539332297059245","0","0","0","1","1"
"2537 ? 2536","2527","","4.589393405151147","2537.0","2536.0","4.589393405151147","0","0","0","1","1"
"2538 ? 2537","2528","","4.350200698892663","2538.0","2537.0","4.350200698892663","0","0","0","1","1"
"2539 ? 2538","2529","","6.993995085899742","2539.0","2538.0","6.993995085899742","0","0","0","1","1"
"2540 ? 2539","2530","","1.0408040409987327","2540.0","2539.0","1.0408040409987327","0","0","0","1","1"
"2541 ? 2540","2531","","4.341051680791319","2541.0","2540.0","4.341051680791319","0","0","0","1","1"
"2542 ? 2541","2532","","2.6000606947984193","2542.0","2541.0","2.6000606947984193","0","0","0","1","1"
"2543 ? 2542","2533","","3.2924735817370405","2543.0","2542.0","3.2924735817370405","0","0","0","1","1"
"2544 ? 2543","2534","","1.7025864754372326","2544.0","2543.0","1.7025864754372326","0","0","0","1","1"
"2545 ? 2544","2535","","1.523497903050402","2545.0","2544.0","1.523497903050402","0","0","0","1","1"
"2546 ? 2545","2536","","5.179534739906616","2546.0","2545.0","5.179534739906616","0","0","0","1","1"
"2548 ? 2547","2538","","8.799223643872025","2548.0","2547.0","8.799223643872025","0","0","0","1","1"
"2549 ? 2548","2539","","4.769124279076461","2549.0","2548.0","4.769124279076461","0","0","0","1","1"
"2550 ? 2549","2540","","0.8118284575882053","2550.0","2549.0","0.8118284575882053","0","0","0","1","1"
"2415 ? 2414","2541","","5.367426963020229","2415.0","2414.0","2.6837134815101145","0","0","0","0","0"
"2552 ? 2551","2542","","3.535202914832388","2552.0","2551.0","3.535202914832388","0","0","0","1","1"
"2553 ? 2552","2543","","3.4184171544775057","2553.0","2552.0","3.4184171544775057","0","0","0","1","1"
"2554 ? 2553","2544","","0.0","2554.0","2553.0","0.0","0","0","0","1","1"
"2555 ? 2554","2545","","3.9723361387114235","2555.0","2554.0","3.9723361387114235","0","0","0","1","1"
"2556 ? 2555","2546","","2.0113032434813047","2556.0","2555.0","2.0113032434813047","0","0","0","1","1"
"2557 ? 2556","2547","","0.6215728171659577","2557.0","2556.0","0.6215728171659577","0","0","0","1","1"
"2558 ? 2557","2548","","1.8246785433460404","2558.0","2557.0","1.8246785433460404","0","0","0","1","1"
"2560 ? 2559","2550","","1.8832037657545844","2560.0","2559.0","1.8832037657545844","0","0","0","1","1"
"2561 ? 2560","2551","","1.2806169797987803","2561.0","2560.0","1.2806169797987803","0","0","0","1","1"
"2562 ? 2561","2552","","1.548699625197804","2562.0","2561.0","1.548699625197804","0","0","0","1","1"
"2563 ? 2562","2553","5.0981695793229465","2.2579126598083783","2563.0","2562.0","2.2579126598083783","0","0","0","1","1"
"2564 ? 2563","2554","0.8470162848608038","0.9203348764774721","2564.0","2563.0","0.9203348764774721","0","0","0","1","1"
"2565 ? 2564","2555","0.8890994490238715","0.9429207013444298","2565.0","2564.0","0.9429207013444298","0","0","0","1","1"
"2566 ? 2565","2556","1.8802138683638208","1.3712089076299865","2566.0","2565.0","1.3712089076299865","0","0","0","1","1"
"2567 ? 2566","2557","4.850997388620438","2.2024979883351623","2567.0","2566.0","2.2024979883351623","0","0","0","1","1"
"2568 ? 2567","2558","1.0286981494353893","1.014247577978567","2568.0","2567.0","1.014247577978567","0","0","0","1","1"
"2569 ? 2568","2559","15.676866893773045","3.9594023404767853","2569.0","2568.0","3.9594023404767853","0","0","0","1","1"
"2570 ? 2569","2560","2.7723065015483654","1.665024474759565","2570.0","2569.0","1.665024474759565","0","0","0","1","1"
"2571 ? 2570","2561","27.953333903875937","5.287091251706928","2571.0","2570.0","5.287091251706928","0","0","0","1","1"
"2436 ? 2435","2563","","4.464718326980616","2436.0","2435.0","2.232359163490308","0","0","0","0","0"
"2573 ? 2572","2564","9.041508666145733","3.0069101526560007","2573.0","2572.0","3.0069101526560007","0","0","0","1","1"
"2574 ? 2573","2565","30.85930876310052","5.555115549032307","2574.0","2573.0","5.555115549032307","0","0","0","1","1"
"2575 ? 2574","2566","3.2932043132418007","1.5922036738867158","2575.0","2574.0","1.5922036738867158","0","0","0","1","1"
"2576 ? 2575","2567","2.4256792058925534","1.732654993774415","2576.0","2575.0","1.732654993774415","0","0","0","1","1"
"2577 ? 2576","2568","2.595077995880522","1.6109245779615264","2577.0","2576.0","1.6109245779615264","0","0","0","1","1"
"2578 ? 2577","2569","2.306067367563112","1.5185741231705194","2578.0","2577.0","1.5185741231705194","0","0","0","1","1"
"2579 ? 2578","2570","2.082759075111733","1.443176730380494","2579.0","2578.0","1.443176730380494","0","0","0","1","1"
"2580 ? 2579","2571","5.565052378861865","2.359036324192967","2580.0","2579.0","2.359036324192967","0","0","0","1","1"
"2581 ? 2580","2572","3.6782166216029264","1.9178677278693979","2581.0","2580.0","1.9178677278693979","0","0","0","1","1"
"2582 ? 2581","2573","5.326413237531609","2.307902345752872","2582.0","2581.0","2.307902345752872","0","0","0","1","1"
"2583 ? 2582","2574","11.282612906018151","3.358960092948136","2583.0","2582.0","3.358960092948136","0","0","0","1","1"
"2584 ? 2583","2575","13.006522125316982","3.606455618098881","2584.0","2583.0","3.606455618098881","0","0","0","1","1"
"2585 ? 2584","2576","5.559426580650172","2.3578436293889746","2585.0","2584.0","2.3578436293889746","0","0","0","1","1"
"2587 ? 2586","2577","4.848244964517733","2.201873058220599","2587.0","2586.0","2.201873058220599","0","0","0","1","1"
"2589 ? 2588","2580","","3.5948630761106717","2589.0","2588.0","1.1982876920368906","0","0","0","0","0"
"2590 ? 2589","2582","4.229787256362112","2.056644659721779","2590.0","2589.0","2.056644659721779","0","0","0","1","1"
"2591 ? 2590","2583","3.839312997493598","1.9594164941363534","2591.0","2590.0","1.9594164941363534","0","0","0","1","1"
"2524 ? 2523","2584","","7.752758313269595","2524.0","2523.0","1.9381895783173988","0","0","0","0","0"
"2593 ? 2592","2585","3.876229306016184","1.9688141877831395","2593.0","2592.0","1.9688141877831395","0","0","0","1","1"
"2594 ? 2593","2586","28.572952668582627","5.345367402581663","2594.0","2593.0","5.345367402581663","0","0","0","1","1"
"2596 ? 2595","2587","5.8844659557893415","2.4257918203731625","2596.0","2595.0","2.4257918203731625","0","0","0","1","1"
"2597 ? 2596","2588","21.880014633807896","4.677607789651447","2597.0","2596.0","4.677607789651447","0","0","0","1","1"
"2598 ? 2597","2589","25.562000200400366","5.055887676798246","2598.0","2597.0","5.055887676798246","0","0","0","1","1"
"2599 ? 2598","2590","11.10391555598672","3.332253825264024","2599.0","2598.0","3.332253825264024","0","0","0","1","1"
"2462 ? 2460","2591","","12.498999223311637","2462.0","2460.0","1.7855713176159482","0","0","0","0","0"
"2601 ? 2600","2592","","4.297705556315477","2601.0","2600.0","4.297705556315477","0","0","0","1","1"
"2602 ? 2601","2593","","1.724083372757772","2602.0","2601.0","1.724083372757772","0","0","0","1","1"
"2603 ? 2602","2594","","3.143386484337457","2603.0","2602.0","3.143386484337457","0","0","0","1","1"
"2604 ? 2603","2595","","2.3086650924471313","2604.0","2603.0","2.3086650924471313","0","0","0","1","1"
"2605 ? 2604","2596","","5.061366965750481","2605.0","2604.0","5.061366965750481","0","0","0","1","1"
"2606 ? 2605","2597","","2.1666661758599366","2606.0","2605.0","2.1666661758599366","0","0","0","1","1"
"2607 ? 2606","2598","","1.231657972116247","2607.0","2606.0","1.231657972116247","0","0","0","1","1"
"2608 ? 2607","2599","","2.9202560186623954","2608.0","2607.0","2.9202560186623954","0","0","0","1","1"
"2609 ? 2608","2600","","0.8709137041857162","2609.0","2608.0","0.8709137041857162","0","0","0","1","1"
"2610 ? 2609","2601","","5.433197703109805","2610.0","2609.0","5.433197703109805","0","0","0","1","1"
"2611 ? 2610","2602","","5.029080717504776","2611.0","2610.0","5.029080717504776","0","0","0","1","1"
"2612 ? 2611","2603","","3.0741476671698935","2612.0","2611.0","3.0741476671698935","0","0","0","1","1"
"2613 ? 2614","2605","","4.095025225234567","2613.0","2614.0","4.095025225234567","0","0","0","1","1"
"2390 ? 2388","2606","","5.941709313187456","2390.0","2388.0","1.9805697710624852","0","0","0","0","0"
"2488 ? 2487","2663","","1.9299901298869544","2488.0","2487.0","0.9649950649434772","0","0","0","0","0"
"1792 ? 1791","2676","","1.5932346303943723","1792.0","1791.0","0.7966173151971861","0","0","0","0","0"
"1822 ? 1821","2706","","5.354341984731617","1822.0","1821.0","2.6771709923658085","0","0","0","0","0"
"2454 ? 2453","2947","","1.8949536228780317","2454.0","2453.0","0.6316512076260106","0","0","0","0","0"
"1878 ? 1877","3005","","2.3072435129510476","1878.0","1877.0","1.1536217564755238","0","0","0","0","0"
"2325 ? 2324","3040","","7.016212250811564","2325.0","2324.0","3.508106125405782","0","0","0","0","0"
"2480 ? 2479","3044","","4.742303197082891","2480.0","2479.0","2.3711515985414455","0","0","0","0","0"
"2350 ? 2349","3066","","2.5796564481327664","2350.0","2349.0","0.3685223497332523","0","0","0","0","0"
"2614 ? 2612","3067","","11.32906768442252","2614.0","2612.0","3.776355894807507","0","0","0","0","0"
"2364 ? 2363","3086","","4.312050253778844","2364.0","2363.0","2.156025126889422","0","0","0","0","0"
"2376 ? 2375","3099","","13.710683205126161","2376.0","2375.0","6.8553416025630804","0","0","0","0","0"
"2243 ? 2241","3113","","5.952822873271278","2243.0","2241.0","1.9842742910904259","0","0","0","0","0"
"2286 ? 2285","3148","","6.280031219853338","2286.0","2285.0","3.140015609926669","0","0","0","0","0"
