"Label","ID","Detection quality","Spot N links","Spot frame","Spot gaussian-filtered intensity","Spot gaussian-filtered intensity","Spot gaussian-filtered intensity","Spot gaussian-filtered intensity","Spot median intensity","Spot median intensity","Spot position","Spot position","Spot position","Spot radius","Spot track ID","Track N spots","TB","TB to PSM","TB to Somite","checked","other"
"",""," "," "," ","Mean ch0","Mean ch1","Std ch0","Std ch1","Median ch0","Median ch1","X","Y","Z"," "," "," ","Tag","Tag","Tag","Tag","Tag"
"","","","","","(Counts)","(Counts)","(Counts)","(Counts)","(Counts)","(Counts)","(micron)","(micron)","(micron)","(micron)","","","","","","",""
"10","10","","2","106","118.26059073152888","1786.6139407812288","7.0125330192352235","174.40031010366835","118.0","1762.0","279.1878504781141","534.7769628548784","125.9980081036449","1.8620331561818848","0","122","0","0","0","1","0"
"11","11","","2","107","117.6343607803096","1744.4236889821013","6.4875433522361465","198.74534420856116","117.0","1734.0","278.60447596970937","536.1994059162982","126.37472238144967","1.8620331561818848","0","122","0","0","0","1","0"
"12","12","","2","108","117.87462549267039","1692.6060295184373","6.61357399176493","202.22546016879346","117.0","1660.0","278.4891065689384","537.3378723525179","126.65836112301116","1.8620331561818848","0","122","0","0","0","1","0"
"13","13","","2","109","118.27556181731848","1764.1988619701833","6.569279197410023","192.27836405319093","118.0","1748.0","278.4891065689384","537.6433393703878","127.01557852369703","1.8620331561818848","0","122","0","0","0","1","0"
"14","14","","2","110","118.94760052951146","1754.030109182371","7.676044056773517","223.90387842310736","116.0","1704.0","277.7762416211241","537.2360500132279","127.00846926152323","1.8620331561818848","0","122","0","0","0","1","0"
"15","15","","2","111","119.40781684866528","1781.0977287914582","7.010270481847929","225.09112180367325","117.0","1661.0","278.0817551701873","538.1524510668378","127.02446510141428","1.8620331561818848","0","122","0","0","0","1","0"
"16","16","","2","112","118.94433350841268","1790.0876106950452","7.273719934155402","246.720449526164","118.0","1678.0","277.97991732049957","539.1706744597376","127.04223825684878","1.8620331561818848","0","122","0","0","0","1","0"
"17","17","","2","113","120.78874031467868","1712.1477017981895","8.227722117490398","203.15223363734228","118.0","1652.0","277.3503316805171","540.8090437603228","128.7421312123077","1.8620331561818848","0","122","0","0","0","1","0"
"18","18","","2","114","120.46363960086619","1820.1411263135878","7.414099582212028","100.92335271661626","119.0","1784.0","276.8503436594997","542.6541283634696","130.8854356164229","1.4672553341771257","0","122","0","0","0","1","0"
"19","19","","2","115","119.44995502086499","1825.2061140280061","6.522855072792402","120.8310808895613","118.0","1796.0","276.9521815091874","543.2650623992095","130.8960995096836","1.4672553341771257","0","122","0","0","0","1","0"
"20","20","","2","116","117.91530601804264","1794.1055629859368","6.425779165922965","124.47398254409975","116.0","1742.0","277.15585720856296","543.6723517563694","130.9032087718574","1.4672553341771257","0","122","0","0","0","1","0"
"21","21","","2","117","118.75635313106409","1789.2938497470682","6.584392854454956","137.72922188958208","117.0","1730.0","277.0540193588752","544.9960421671392","130.92631387392225","1.4672553341771257","0","122","0","0","0","1","0"
"22","22","","2","118","116.51724553490666","1745.7337438468483","6.3117845294781745","159.61705400946678","116.0","1680.0","276.9521815091874","545.9124432207491","130.9423097138133","1.4672553341771257","0","122","0","0","0","1","0"
"23","23","","2","119","117.87262889382639","1705.5893686788518","6.812341326489622","166.07360617264317","117.0","1649.0","276.9521815091874","545.9124432207491","130.9423097138133","1.4672553341771257","0","122","0","0","0","1","0"
"24","24","","2","120","116.91912085107977","1711.0973127807192","6.256243757548634","183.09974349582106","115.0","1550.0","277.15585720856296","545.5051538635892","130.9352004516395","1.4672553341771257","0","122","0","0","0","1","0"
"25","25","","2","121","121.33515042709256","1704.8814518815261","7.674917762725604","149.83813257569005","119.0","1593.0","277.563208607314","545.8106208814592","130.94053239826985","1.4672553341771257","0","122","0","0","0","1","0"
"26","26","","2","122","121.25825030867942","1709.7847927150162","7.354465100271376","147.98943809221058","120.0","1648.0","277.0540193588752","545.8106208814592","130.94053239826985","1.4672553341771257","0","122","0","0","0","1","0"
"27","27","","2","123","120.69791801177813","1706.6237880937344","6.594241361280434","177.01417501185156","119.0","1626.0","277.0540193588752","545.8106208814592","130.94053239826985","1.4672553341771257","0","122","0","0","0","1","0"
"28","28","","2","124","122.11483855195755","1729.2805291209368","7.9151388988775295","200.50803691508605","121.0","1647.0","277.3595329079385","545.4033315242992","130.93342313609605","1.4672553341771257","0","122","0","0","0","1","0"
"29","29","","2","125","122.30511907701343","1666.6593055325775","8.078953277337432","170.67638275257352","120.0","1601.0","277.0817791281525","547.5446712733707","131.7624890341334","1.4672553341771257","0","122","0","0","0","1","0"
"30","30","","2","126","124.99936999727173","1753.3257652567818","8.360816426140508","156.10857574889596","122.0","1696.0","277.3872926772158","549.1738287020105","131.7909260828286","1.4672553341771257","0","122","0","0","0","1","0"
"31","31","","2","127","127.36068088099006","1769.0495364706214","9.233068250667595","182.36933656793212","124.0","1694.0","277.3872926772158","550.8029861306503","131.8193631315238","1.4672553341771257","0","122","0","0","0","1","0"
"32","32","","2","128","123.37533213008196","1686.9149909286077","7.386767632978445","226.79880181830052","121.0","1581.0","277.0817791281525","552.63578823787","131.8513548113059","1.4672553341771257","0","122","0","0","0","1","0"
"33","33","","2","129","123.26717832884589","1620.7035234253378","8.018270558720838","199.21528396560902","121.0","1591.0","277.0817791281525","554.7740573629598","131.88867843771834","1.4672553341771257","0","122","0","0","0","1","0"
"34","34","","2","130","120.62651811737732","1581.827499840661","7.214559419405125","204.17906893192773","119.0","1526.0","277.0817791281525","556.9123264880494","131.92600206413078","1.4672553341771257","0","122","0","0","0","1","0"
"35","35","","2","131","118.65071936266075","1512.8667847871106","6.632256862719414","250.2778174834586","117.0","1413.0","276.6744277294015","558.3378392381092","131.95088448173908","1.4672553341771257","0","122","0","0","0","1","0"
"36","36","","1","133","120.58709847100194","1612.088257547112","7.206698550031111","235.27461698926032","119.0","1570.0","277.467085297183","561.1427432163991","132.39973309555876","1.4672553341771257","0","122","0","0","0","1","0"
"37","37","","2","93","119.72372402196386","1720.8003465770394","6.656903793989952","140.11357026028787","117.0","1599.0","281.88703346167944","524.2932716303502","123.54737718018629","1.8620331561818848","0","122","0","0","0","1","0"
"39","39","","2","94","120.2493959349943","1702.3886551325702","7.407900543706125","151.03267667260883","120.0","1652.0","281.58151991261616","525.41331736254","123.56692765116424","1.8620331561818848","0","122","0","0","0","1","0"
"40","40","","2","95","120.561197142557","1679.018003102775","7.399453925302401","173.10929823010298","120.0","1600.0","281.58151991261616","525.8206067197","123.57403691333803","1.8620331561818848","0","122","0","0","0","1","0"
"41","41","","2","96","120.19159505527408","1696.0923751344521","7.083604813398076","186.88092314678164","119.0","1651.0","281.2760063635529","526.7370077733099","123.59003275322908","1.8620331561818848","0","122","0","0","0","1","0"
"42","42","","2","97","123.68710505077162","1735.3517379962705","7.712295203667998","170.49527342438705","120.0","1591.0","281.9888713113672","527.6534088269198","123.60602859312013","1.8620331561818848","0","122","0","0","0","1","0"
"43","43","","2","98","120.94817035354139","1756.3024614314174","7.675130827005627","179.5401122283877","119.0","1698.0","281.58151991261616","528.1625205233696","123.61491517083738","1.8620331561818848","0","122","0","0","0","1","0"
"44","44","","2","99","120.89489323793191","1670.0235193976157","7.438578012621655","221.2904269477626","119.0","1622.0","281.47968206292836","528.5698098805295","123.62202443301118","1.8620331561818848","0","122","0","0","0","1","0"
"45","45","","2","100","122.68215273376521","1796.234081973775","7.531833245847008","183.9356569848815","121.0","1770.0","281.5350408321497","529.9922534096202","124.17465464091418","1.8620331561818848","0","122","0","0","0","1","0"
"46","46","","2","101","122.95452174249992","1806.0509023952882","7.344765016176706","196.38807800410015","121.0","1745.0","281.63687868183746","530.60318744536","124.18531853417488","1.8620331561818848","0","122","0","0","0","1","0"
"47","47","","2","102","120.33223562940371","1883.6924548218244","7.611236502904728","200.1288796250279","119.0","1854.0","281.1276894333987","531.8250555168399","124.20664632069628","1.8620331561818848","0","122","0","0","0","1","0"
"48","48","","2","103","121.59377159442279","1871.9999202772162","7.645202337349652","210.86601427923435","118.0","1714.0","280.4563569599448","532.4344551759307","124.56914207415345","1.8620331561818848","0","122","0","0","0","1","0"
"49","49","","2","105","120.4578519899638","1798.5772391766116","7.44048770451725","119.91933434737416","117.0","1727.0","279.4657382323445","534.0688112466439","125.54577706959516","1.8620331561818848","0","122","0","0","0","1","0"
"50","50","","2","92","118.80364216590141","1749.9106394144114","6.940655726712476","152.88497641390876","117.0","1683.0","281.58151991261616","523.6823375946103","123.53671328692559","1.8620331561818848","0","122","0","0","0","1","0"
"261","261","","2","86","116.17446060492678","1811.1720368135143","5.9060463205459826","169.44964087960443","115.0","1731.0","283.5868520033339","520.6506896130394","120.66873893905031","1.8620331561818848","0","122","0","0","0","1","0"
"262","262","","2","87","116.1333850364776","1716.7741518494943","6.060857919558468","200.53060660924388","115.0","1614.0","283.5868520033339","520.9561566309094","120.67407088568066","1.8620331561818848","0","122","0","0","0","1","0"
"263","263","","2","88","115.637852094415","1721.9594397828714","6.270685691303862","167.48666469193748","115.0","1602.0","282.0818830620778","521.9605664249294","122.2750874119993","1.8620331561818848","0","122","0","0","0","1","0"
"264","264","","2","89","115.54886650849718","1704.9118862090427","6.261141764276082","170.87153471910943","115.0","1627.0","281.3778442132406","521.9513578266805","123.50649892268694","1.8620331561818848","0","122","0","0","0","1","0"
"265","265","","2","90","116.79593505499287","1738.339835643778","6.789238018163083","141.35263708288474","115.0","1643.0","281.3778442132406","522.4604695231304","123.5153855004042","1.8620331561818848","0","122","0","0","0","1","0"
"266","266","","2","91","117.8518782598522","1750.379220460265","6.671054371880541","166.73385818408823","117.0","1679.0","281.3778442132406","522.4604695231304","123.5153855004042","1.8620331561818848","0","122","0","0","0","1","0"
"267","267","","2","85","118.27008362899929","1948.5071413954786","6.089386254518219","145.26253403976474","117.0","1812.0","283.5868520033339","520.6506896130394","120.66873893905031","1.8620331561818848","0","122","0","0","0","1","0"
"268","268","","1","10","124.07549965338352","2599.3234474355786","7.488766839641243","168.31773954475506","122.0","2436.0","329.3774492637126","488.0678773192655","109.98755792643541","1.8620331561818848","0","122","1","0","0","1","0"
"269","269","","2","11","123.68029968151983","2535.068531733968","7.353339991777335","184.87205209464113","123.0","2451.0","328.07881591837366","488.7755919515049","109.99785832991047","1.8620331561818848","0","122","1","0","0","1","0"
"270","270","","2","12","122.87376684300997","2481.100380028878","7.549271874146769","225.68702449432948","121.0","2228.0","326.78061393461957","488.77519647648603","110.02051507856864","1.8620331561818848","0","122","1","0","0","1","0"
"271","271","","2","13","121.9470740014787","2571.858557778342","6.644235010103681","228.31625010041515","121.0","2520.0","324.90496416804467","489.06474238894725","111.0678128630163","1.8620331561818848","0","122","1","0","0","1","0"
"272","272","","2","14","122.50283021330385","2643.286153814546","7.160993861548064","188.1282547105031","123.0","2626.0","323.3894763989911","489.63608646148117","112.39256550836545","1.8620331561818848","0","122","1","0","0","1","0"
"273","273","806.7828527975917","2","15","122.46837579018225","2749.617853784593","6.514189020880294","210.19518680539574","121.0","2638.0","321.9893726531417","488.6384775932155","111.69221124572931","1.8620331561818848","0","122","1","0","0","1","0"
"274","274","851.7992752549687","2","16","121.35838543990573","2842.9400362646916","7.022586078999302","228.0482842059662","121.0","2731.0","321.32362501455526","489.7388566367615","111.36004389700065","1.8620331561818848","0","122","1","0","0","1","0"
"275","275","808.8338548847382","2","17","121.58282926546542","2790.0961523691185","6.7032889157461835","233.00280842446998","120.0","2632.0","320.62682734104294","490.33426185326465","111.1345290826387","1.8620331561818848","0","122","1","0","0","1","0"
"276","276","812.7758735847783","2","18","121.71062391551982","2891.35907363986","6.281109256395073","224.28491239121897","121.0","2710.0","320.1367004943698","490.8912062497917","110.99317200055121","1.8620331561818848","0","122","1","0","0","1","0"
"277","277","783.8036144820246","2","19","121.38300874282386","2894.0072020894054","6.78135526284762","242.03015217551263","120.0","2632.0","319.9361755726758","490.62839791320346","111.03147327589862","1.8620331561818848","0","122","1","0","0","1","0"
"278","278","787.771405726554","2","20","122.59043047886342","2865.4837352264703","7.016694852768619","211.36757896108415","121.0","2712.0","320.124455112561","490.8237360893531","111.43203620078744","1.8620331561818848","0","122","1","0","0","1","0"
"279","279","696.0040276815722","2","21","122.88827659286427","2651.899348314875","6.72508125863923","200.66887413457346","121.0","2390.0","319.2783063490844","491.35794920635334","111.96086143104435","1.8620331561818848","0","122","1","0","0","1","0"
"280","280","652.601277882662","2","22","122.75015585865353","2630.0073481362974","7.049911506987942","165.31261135782609","122.0","2575.0","317.3971074395335","491.09165058852","112.88822588604143","1.8620331561818848","0","122","1","0","0","1","0"
"281","281","","2","23","122.63015346816913","2503.9452900865153","6.962022806089138","227.43160892592485","122.0","2391.0","315.6264725391541","491.6812030604519","112.90882449807421","1.8620331561818848","0","122","1","0","0","1","0"
"282","282","","2","24","125.807001154769","2551.035237523616","7.282680735505693","195.7230146989514","125.0","2446.0","313.8562690003597","491.56264542512554","112.9417794552901","1.8620331561818848","0","122","1","0","0","1","0"
"283","283","","2","25","124.1800909318733","2476.307600510222","7.551429957121661","221.35179328886443","122.0","2226.0","313.38362040294203","492.5066484257055","112.93354314607316","1.8620331561818848","0","122","1","0","0","1","0"
"284","284","","2","26","126.6137891393409","2550.922295308539","7.940378873933232","180.61065377437154","124.0","2426.0","312.20429950451717","491.09006868844443","112.97885288067408","1.8620331561818848","0","122","1","0","0","1","0"
"285","285","","2","27","127.8434857123809","2594.663314583601","7.9991763203774715","156.50340428728435","125.0","2408.0","311.142278032277","490.853708415555","113.00150900221301","1.8620331561818848","0","122","1","0","0","1","0"
"286","286","","2","28","126.32849127160198","2583.312780789724","7.33240807495528","170.24840411950356","126.0","2517.0","310.78793537140865","491.3256739635705","112.99945055202801","1.8620331561818848","0","122","1","0","0","1","0"
"287","287","","2","29","123.49661453815585","2474.835979848171","6.96955364494551","187.65795393208984","122.0","2384.0","310.197196518234","492.3876593630858","112.99121455637069","1.8620331561818848","0","122","1","0","0","1","0"
"288","288","","2","30","123.60193689678763","2495.2723032955164","6.640687326460863","216.46609783033963","123.0","2348.0","308.78140753390534","491.6791178285341","113.02828735463544","1.8620331561818848","0","122","1","0","0","1","0"
"289","289","","2","31","126.32169575646041","2849.389170656644","7.846727982037441","201.53488632523596","125.0","2735.0","307.12958182525773","490.9705043894336","113.06947956174712","1.8620331561818848","0","122","1","0","0","1","0"
"290","290","","2","32","125.82078447014246","2712.943032498936","7.950715539972033","247.77068574778502","124.0","2463.0","306.3038846517263","490.26214261625415","113.09625383789452","1.8620331561818848","0","122","1","0","0","1","0"
"291","291","","2","33","122.4039854768951","2439.217098214385","7.0403870634407975","240.39284425008375","120.0","2284.0","305.1236291365342","490.3798014447194","113.11479149126536","1.8620331561818848","0","122","1","0","0","1","0"
"292","292","","2","34","120.08971998684038","2391.533230924531","6.882694774473438","214.25760229820156","119.0","2351.0","304.29714113343056","490.9696415348469","113.11891246791039","1.8620331561818848","0","122","1","0","0","1","0"
"293","293","","2","35","120.33781042612435","2295.892515811516","6.508549359908183","204.24805945050096","120.0","2289.0","303.3528504489599","491.20539061907084","113.13127132157044","1.8620331561818848","0","122","1","0","0","1","0"
"294","294","","2","36","120.6025532294039","2268.605485986953","6.4757039330483375","186.19042166719555","120.0","2242.0","302.52665002024617","491.3231573043594","113.14362986167087","1.8620331561818848","0","122","1","0","0","1","0"
"295","295","","2","37","119.54260952163878","2388.7530151121114","6.8561055787592","223.5383039961813","118.0","2218.0","301.93598306066906","492.26712435266495","113.13745325687741","1.8620331561818848","0","122","1","0","0","1","0"
"296","296","","2","38","118.65492913723493","2215.2299159705826","6.509595533293468","222.79303377845793","117.0","2171.0","301.6987960387905","494.1553460674716","113.1086224119027","1.8620331561818848","0","122","1","0","0","1","0"
"297","297","","2","39","118.4305410057051","2153.7005635242244","6.322508125250932","215.10318965515162","117.0","2001.0","301.58020252785116","495.0994569248749","113.09420698941535","1.8620331561818848","0","122","1","0","0","1","0"
"298","298","","2","40","118.015982905202","2203.7768311383534","6.700578586368861","165.209319763266","117.0","2179.0","300.75349884395513","496.0433520686315","113.09214979346882","1.8620331561818848","0","122","1","0","0","1","0"
"299","299","","2","41","120.18338387044298","2240.5816578558456","7.045032305074286","197.60866626295993","118.0","2146.0","300.04639518136304","494.3908794380488","113.13333949210357","1.8620331561818848","0","122","1","0","0","1","0"
"300","300","","2","42","120.74275575238232","2324.188001018495","6.453205273369586","174.8615152099616","120.0","2253.0","298.630246729047","494.27242965954576","113.16011533604906","1.8620331561818848","0","122","1","0","0","1","0"
"301","301","","2","43","121.79097025567235","2461.1445328771815","7.404890544800795","210.84431094091235","120.0","2345.0","297.2141701703284","494.035961529833","113.1889505708584","1.8620331561818848","0","122","1","0","0","1","0"
"302","302","","2","44","122.41904141685126","2545.1041348052995","7.086931148572467","200.9835384088438","122.0","2512.0","296.38796974161465","494.1537282151216","113.20130911095883","1.8620331561818848","0","122","1","0","0","1","0"
"303","303","","2","45","122.89078164699727","2534.3042991458674","7.587239953324914","175.25741293609886","121.0","2415.0","295.4436071635465","494.50749565055514","113.21160857375503","1.8620331561818848","0","122","1","0","0","1","0"
"304","304","","2","46","121.72018309271756","2466.7470222911575","7.436573208675533","177.779913670831","121.0","2419.0","294.49931647907584","494.74324473477907","113.22396742741509","1.8620331561818848","0","122","1","0","0","1","0"
"305","305","","2","47","120.4935869544233","2287.3522572083407","7.425229222949873","240.1709002120672","118.0","2042.0","294.13662706279246","493.88160156540164","112.22198219960491","1.8620331561818848","0","122","1","0","0","1","0"
"306","306","","2","48","121.55102614131914","2350.975640844861","7.030338191878649","289.03944848051214","121.0","2297.0","294.13662706279246","493.88160156540164","112.22198219960491","1.8620331561818848","0","122","1","0","0","1","0"
"307","307","","2","49","122.61199791827525","2394.9060569231483","7.40362106321852","214.30298838955886","122.0","2342.0","294.13662706279246","493.88160156540164","112.22198219960491","1.8620331561818848","0","122","1","0","0","1","0"
"308","308","","2","50","120.16178785962136","2349.161318930271","6.371597768928012","188.9662411975698","119.0","2282.0","293.5461038904103","494.58953191128774","112.21992437653914","1.8620331561818848","0","122","1","0","0","1","0"
"309","309","","2","51","121.44465540170349","2284.1382119143186","7.341918862789951","175.51380946670773","120.0","2189.0","293.5454568480329","495.65169707217524","112.20138985876447","1.8620331561818848","0","122","1","0","0","1","0"
"310","310","","2","52","119.38437861634466","2260.4977209292865","6.393500975712589","197.47452209813008","119.0","2218.0","292.9547898884558","496.59566412048076","112.195213253971","1.8620331561818848","0","122","1","0","0","1","0"
"311","311","","2","53","119.9859533595108","2154.535980845074","6.249699334067744","186.51840072288485","119.0","2094.0","292.95443042046844","497.18575587652936","112.18491629965175","1.8620331561818848","0","122","1","0","0","1","0"
"312","312","","2","54","120.05417276686313","2204.6767625693788","6.784778108420728","197.75477210026372","119.0","2170.0","292.48242886542806","497.06759371622184","112.19521450820947","1.8620331561818848","0","122","1","0","0","1","0"
"313","313","","2","55","118.36783883212323","2235.9751218362367","6.86982398530706","206.76290993871103","117.0","2175.0","291.0659928387221","497.42121734255767","112.21375278869955","1.8620331561818848","0","122","1","0","0","1","0"
"314","314","","2","56","116.27791552797906","2160.450700243257","5.982083046304693","248.71254795475443","115.0","2036.0","290.35802645296025","497.18496492649155","112.23022979696808","1.8620331561818848","0","122","1","0","0","1","0"
"315","315","","2","57","116.68245753597465","2274.657781329705","5.727012267485745","300.46252774642204","116.0","2132.0","289.5319698114415","497.0666949093607","112.24670711879622","1.8620331561818848","0","122","1","0","0","1","0"
"316","316","","2","58","116.75393973381989","2212.079901228717","5.833336177404269","273.88672620206927","116.0","2074.0","289.5319698114415","497.0666949093607","112.24670711879622","1.8620331561818848","0","122","1","0","0","1","0"
"317","317","","2","59","115.96130189965626","2101.311316531049","6.110477088443208","241.98804084658758","116.0","2006.0","289.29435142797803","499.66302673142565","112.20551992863841","1.8620331561818848","0","122","1","0","0","1","0"
"318","318","","2","60","116.06240728770933","2031.5251236661397","6.234633073942651","235.18417243982174","115.0","1939.0","289.29435142797803","499.66302673142565","112.20551992863841","1.8620331561818848","0","122","1","0","0","1","0"
"319","319","","2","61","115.53375657155638","1856.34169105624","6.085492425704003","226.12647074505355","115.0","1796.0","288.9392179375374","501.4331941427481","112.18080817895103","1.8620331561818848","0","122","1","0","0","1","0"
"320","320","","2","62","115.30902434474446","1855.3026928621869","6.399591639457207","286.3081784120921","115.0","1856.0","289.1741762578942","503.20354131544275","112.14579790714632","1.8620331561818848","0","122","1","0","0","1","0"
"321","321","","2","63","114.28912685641718","1932.3112145899497","6.188976767521382","231.96820479455636","115.0","1927.0","289.29154757767634","504.2657424286047","112.12520368494818","1.8620331561818848","0","122","1","0","0","1","0"
"322","322","","2","64","115.51789501242862","1978.6898728937376","6.369209417618821","218.54168813497265","114.0","1954.0","289.64481183458247","505.56405214873496","112.09637127217539","1.8620331561818848","0","122","1","0","0","1","0"
"323","323","","2","65","116.19393650469789","1872.9467453938564","6.078711812235784","215.523244250843","115.0","1838.0","289.52636211083814","506.27212630371884","112.08607463141574","1.8620331561818848","0","122","1","0","0","1","0"
"324","324","","2","66","117.61637692509818","2031.5767916066013","6.222586128899105","210.05004673852403","118.0","2017.0","288.83315468222446","507.26254175287545","113.43935355880308","1.8620331561818848","0","122","1","0","0","1","0"
"325","325","","2","67","117.37434964173433","1974.2383445209991","6.780224373477355","202.16052034757914","116.0","1947.0","288.83315468222446","507.26254175287545","113.43935355880308","1.8620331561818848","0","122","1","0","0","1","0"
"326","326","","2","68","118.53877359942769","1936.4131875932574","6.91582446670625","249.6625825301965","117.0","1817.0","288.47888391495366","507.6164889496813","113.43935449948192","1.8620331561818848","0","122","1","0","0","1","0"
"327","327","","2","69","117.0510901084402","1936.6124831439856","6.556024674838613","199.72025854025827","116.0","1816.0","287.36359659062555","508.1268308409266","114.95489669878314","1.8620331561818848","0","122","1","0","0","1","0"
"328","328","","2","70","118.30552028587303","1876.8721409219563","7.013549478087154","210.2257283699413","117.0","1840.0","287.4808960168102","509.30705030529816","114.93224308572115","1.8620331561818848","0","122","1","0","0","1","0"
"329","329","","2","71","118.45158871229395","1721.5763765405156","6.992716320770441","259.94854673358503","118.0","1651.0","287.24449982450386","509.8970701567979","114.92606554024883","1.8620331561818848","0","122","1","0","0","1","0"
"330","330","","2","72","119.63045612603813","2028.1391116284","7.176865052574069","211.5530882091399","118.0","1917.0","286.1374906487183","509.53755238973514","117.28771708894261","1.8620331561818848","0","122","1","0","0","1","0"
"331","331","","2","73","120.98203424008432","1984.284339182063","6.443305848603407","146.13000322760547","120.0","1953.0","286.06140337173207","509.50967768694215","117.81959810306515","1.8620331561818848","0","122","1","0","0","1","0"
"332","332","","2","74","122.64768617232279","1950.174526172985","7.49490108708602","150.5460648827582","121.0","1909.0","285.6809669868009","509.4738387833512","118.50344512122267","1.8620331561818848","0","122","1","0","0","1","0"
"333","333","","2","75","120.22145956947085","1952.142150159877","7.56711428071746","169.34804745856925","118.0","1883.0","285.09001245283383","510.88987923649563","118.48903095297379","1.8620331561818848","0","122","1","0","0","1","0"
"334","334","","2","76","120.71943549940804","2059.147122463849","6.857872347992519","210.38224750105547","120.0","2009.0","285.09001245283383","510.88987923649563","118.48903095297379","1.8620331561818848","0","122","1","0","0","1","0"
"335","335","","2","77","120.54782518312534","2045.296113886617","7.206653927108911","189.85448921626005","119.0","2001.0","284.7356697919655","511.36184478451116","118.48697250278879","1.8620331561818848","0","122","1","0","0","1","0"
"336","336","","2","78","119.58063757870232","2066.7462167311905","7.241987892662474","219.95031035293658","118.0","1969.0","284.7350227495882","512.4240099453987","118.46843798501412","1.8620331561818848","0","122","1","0","0","1","0"
"337","337","","2","79","119.15516066603612","1967.0638379195325","7.3265086676428846","204.91740179223302","116.0","1766.0","284.9707718995172","512.8961552547864","118.45608101271176","1.8620331561818848","0","122","1","0","0","1","0"
"338","338","","2","80","119.05308492481036","1938.9362344006188","6.616825629999551","221.27706956044196","117.0","1730.0","285.08828700649434","513.722319665529","118.43960557224133","1.8620331561818848","0","122","1","0","0","1","0"
"339","339","","2","81","118.79400058074937","1951.6675801340125","7.085568847791451","238.3782392708191","118.0","1839.0","285.205586432679","514.9025391299007","118.41695195917934","1.8620331561818848","0","122","1","0","0","1","0"
"340","340","","2","82","119.45759223645553","2025.9211112873727","7.215963361915612","214.74717528257307","117.0","1889.0","284.96847130439795","516.6727424934976","118.3901805050685","1.8620331561818848","0","122","1","0","0","1","0"
"341","341","","2","83","118.10015863716245","1909.069779804496","6.773919542390828","187.919070818098","117.0","1688.0","284.73149996331176","518.206909154675","118.36752783268537","1.8620331561818848","0","122","1","0","0","1","0"
"342","342","","2","84","116.93682790618489","1808.8857308205518","6.087039513972036","201.42508386636425","116.0","1699.0","284.494888090213","519.1509840598038","118.3551721146215","1.8620331561818848","0","122","1","0","0","1","0"
"724","724","","2","140","114.45034966779573","1471.2585159864193","5.827499073498121","333.297001884336","113.0","1230.0","275.67099115753695","556.1035190564097","139.95480359663978","1.6139808675948397","1","172","1","0","0","1","0"
"725","725","","2","141","115.56151187521661","1465.4046985300379","6.331926457671735","367.7226657022084","115.0","1253.0","275.7682306862884","556.9763853290175","139.95310885309453","1.6139808675948397","1","172","1","0","0","1","0"
"726","726","","2","145","118.31444745725435","1518.1364259055106","6.545140686408275","398.71190910119725","117.0","1120.0","276.44775527431455","559.3039007100566","139.94125570108625","1.6139808675948397","1","172","1","0","0","1","0"
"727","727","","2","146","117.56708807047433","1372.58272769826","7.267005662616452","368.2707649467685","116.0","1070.0","276.4480506879644","560.2737849478042","139.94125312344303","1.6139808675948397","1","172","1","0","0","1","0"
"728","728","","2","147","120.12709448730372","1674.8627883421236","7.339939425802232","381.8795053171123","118.0","1497.0","275.74296743580663","560.5860114355827","141.99456973490229","1.6139808675948397","1","172","1","0","0","1","0"
"729","729","","2","148","120.70004649299808","1531.463428706724","9.136136231661018","395.0247425053107","118.0","1270.0","275.74317422536154","561.264930402006","141.99456793055205","1.6139808675948397","1","172","1","0","0","1","0"
"730","730","","2","149","120.85290396226797","1425.422827362132","8.550554020547285","365.6762119623676","119.0","1080.0","275.64658460663964","562.5258094524429","141.9962570032822","1.6139808675948397","1","172","1","0","0","1","0"
"731","731","","2","150","120.382770188198","1461.4520408711367","8.608935404545951","385.37515343892943","118.0","1175.0","275.64661414800463","562.6227978762176","141.99625674551788","1.6139808675948397","1","172","1","0","0","1","0"
"732","732","","2","151","121.52440640389791","1494.2341759160338","8.534453869783126","392.64403759542677","120.0","1118.0","275.74382413539115","563.3986757250508","141.99456225973694","1.6139808675948397","1","172","1","0","0","1","0"
"733","733","","2","152","124.60678541672462","1639.7892664335523","10.907163445269967","384.60113028379453","121.0","1466.0","274.96317183693776","564.8774146067208","143.9718596637198","1.6139808675948397","1","172","1","0","0","1","0"
"734","734","","2","153","126.30907118314465","1660.0480473984462","11.42178914351192","392.9873815660742","120.0","1299.0","275.1148234718125","565.0660955019298","144.95981402339282","1.6139808675948397","1","172","1","0","0","1","0"
"735","735","","2","154","123.37599906442804","1662.3198158186783","9.410379606937443","422.04851099362315","122.0","1505.0","275.1905850388113","565.0634484346025","145.56778091280174","1.6139808675948397","1","172","1","0","0","1","0"
"736","736","","2","155","120.78842517690143","1630.898391362084","8.605951985329957","380.88135617401724","120.0","1392.0","275.2662309088983","565.0608043967515","146.55571264157092","1.6139808675948397","1","172","1","0","0","1","0"
"737","737","","2","156","121.71395237614753","1587.928241054178","8.678196431306269","336.30247330691094","120.0","1299.0","275.34185363960296","565.0581609647958","147.61963733821216","1.6139808675948397","1","172","1","0","0","1","0"
"738","738","","2","157","120.79990381816434","1591.2856993514788","7.626380060016166","373.1807249748558","120.0","1460.0","274.6639242852858","567.9680204675934","147.63147657094706","1.6139808675948397","1","172","1","0","0","1","0"
"739","739","","2","158","117.96910026516456","1562.8922908626755","7.027526175497231","346.5521545383671","116.0","1339.0","274.66419015757066","568.8409162815663","147.63147425106814","1.6139808675948397","1","172","1","0","0","1","0"
"740","740","","2","159","118.94003937389517","1495.7488408656156","8.122692832472","398.93398109725496","118.0","1388.0","274.85840334278885","569.7137530128091","147.6280870838565","1.6139808675948397","1","172","1","0","0","1","0"
"741","741","","2","160","118.26620658787995","1489.0316919899626","7.188078093294669","319.1306456317746","117.0","1277.0","274.6647809848704","570.7806847570614","147.63146909578168","1.6139808675948397","1","172","1","0","0","1","0"
"742","742","","2","161","118.85445418274423","1497.791115442355","7.293300205917122","357.88452660295354","118.0","1339.0","274.66492869169525","571.2656268759353","147.63146780696007","1.6139808675948397","1","172","1","0","0","1","0"
"743","743","","2","162","117.21977583510181","1369.0664935452269","6.811887975583481","304.18735381239117","116.0","1122.0","274.7623454686367","572.7204236911916","147.6297715168289","1.6139808675948397","1","172","1","0","0","1","0"
"744","744","","2","163","117.7423358566892","1445.6373523320196","6.682173656342583","340.59318555364365","116.0","1220.0","274.6655195189949","573.2053953514304","147.63146265167364","1.6139808675948397","1","172","1","0","0","1","0"
"745","745","","2","164","117.56256019692343","1418.0515852353544","6.479235020097561","389.00468345860213","116.0","1330.0","274.66563768445485","573.5933490465295","147.63146162061636","1.6139808675948397","1","172","1","0","0","1","0"
"746","746","","2","165","116.19576611334851","1527.473041724896","6.739176151267252","329.5782688819292","115.0","1385.0","275.15059459088303","573.8841666110288","147.62299872899158","1.6139808675948397","1","172","1","0","0","1","0"
"747","747","","2","166","117.10499608125482","1491.123100184257","6.932482564021153","318.8530108704521","115.0","1249.0","275.1510967940877","575.5329698151997","147.6229943469981","1.6139808675948397","1","172","1","0","0","1","0"
"748","748","","2","167","117.29187105433067","1506.3936543592029","6.371710436728398","321.2307966865376","116.0","1319.0","274.957858365931","576.6967126675629","147.64668518656873","1.6139808675948397","1","172","1","0","0","1","0"
"749","749","","2","168","116.82663139297478","1388.4192717939081","6.355037339839098","332.66437381425","116.0","1125.0","274.76420642165454","577.1816399876401","147.6585308640006","1.6139808675948397","1","172","1","0","0","1","0"
"750","750","","2","169","116.26104728287645","1357.13217077873","6.608073664635014","335.63926561380276","115.0","1112.0","274.7643836428487","577.4725609300484","147.66360736206008","1.6139808675948397","1","172","1","0","0","1","0"
"751","751","","2","170","117.31799067468658","1269.814008764327","6.767089965961383","316.13589042691177","117.0","987.0","275.2496654413016","578.1512287555096","147.66699040586704","1.6139808675948397","1","172","1","0","0","1","0"
"752","752","","2","171","116.45321013762356","1375.2155747645281","6.5369259247918","404.7898358456372","116.0","1302.0","275.2496654413016","578.1512287555096","147.66699040586704","1.6139808675948397","1","172","1","0","0","1","0"
"753","753","","2","172","119.80971890448726","1387.1335185718203","6.982235986023396","368.8475026096251","118.0","1080.0","275.4102955779411","579.9063502627808","147.69483296537953","1.6139808675948397","1","172","1","0","0","1","0"
"754","754","502.4795611992962","2","173","119.4951278008421","1431.9701604355555","7.027933180416427","363.51468978165565","117.0","1148.0","275.28927001836337","580.6509372422136","147.61101758395426","1.6139808675948397","1","172","1","0","0","1","0"
"755","755","491.238648295664","2","174","121.90326275009696","1428.7112667563624","7.846490219972939","344.35109817020117","120.0","1289.0","275.65480611304474","580.7542708104876","147.95409310794503","1.6139808675948397","1","172","1","0","0","1","0"
"756","756","474.5294956637647","2","175","121.26750558761614","1453.7993019042106","7.6429455245392","327.68745376892997","120.0","1221.0","275.54728930024106","581.7915371221054","147.91098640245147","1.6139808675948397","1","172","1","0","0","1","0"
"757","757","451.75577274161236","2","176","122.44590011030377","1499.222115292822","7.735548497908425","301.45877654255247","121.0","1251.0","275.16642202001844","582.9660670093907","148.90447866739026","1.6139808675948397","1","172","1","0","0","1","0"
"758","758","","2","181","127.47411429023985","1644.267703967001","9.125237865611197","198.98263484667123","125.0","1539.0","276.0566448872885","585.4468864472706","150.14396028244417","1.2717937000081183","1","172","1","0","0","1","0"
"759","759","","2","182","127.55181281043268","1581.4916645852102","9.071358125674013","200.09034121638274","126.0","1522.0","276.0569850880235","586.0053496656095","150.15370532665005","1.2717937000081183","1","172","1","0","0","1","0"
"760","760","","2","183","128.03503771451497","1503.708603831701","8.740028853416675","199.18070429908377","126.0","1415.0","276.13705715581824","586.4840081204317","150.16066586054498","1.2717937000081183","1","172","1","0","0","1","0"
"761","761","","2","184","127.5410178288112","1492.1629514837553","8.463478710781853","173.36913190556578","127.0","1433.0","276.45642202500215","586.8828132042289","150.16205716185146","1.2717937000081183","1","172","1","0","0","1","0"
"762","762","","2","185","121.10482597457583","1432.6869028321476","7.393486474062189","204.52363598571668","121.0","1316.0","276.2974928920377","587.9200077886521","150.1829398233684","1.2717937000081183","1","172","1","0","0","1","0"
"763","763","","1","186","123.72526653292155","1348.5595508793642","7.436619065729823","224.85249177645912","121.0","1160.0","276.61685776122164","588.3188128724494","150.18433112467488","1.2717937000081183","1","172","1","0","0","1","0"
"764","764","","2","177","123.9772108710345","1427.5166654706843","8.361850812197606","299.46134381837743","122.0","1144.0","275.64529922342683","583.285043025917","148.90169309724706","1.6139808675948397","1","172","1","0","0","1","0"
"765","765","","2","178","129.60424653356557","1588.269135033007","8.966546702904148","242.18758797995292","126.0","1363.0","276.37430875279745","583.0533754393732","150.09662636272122","1.2717937000081183","1","172","1","0","0","1","0"
"766","766","","2","179","126.15416155288574","1462.9263384249673","7.861757524316626","274.03836904155185","125.0","1241.0","276.37430875279745","583.0533754393732","150.09662636272122","1.2717937000081183","1","172","1","0","0","1","0"
"767","767","","2","180","126.34949350191995","1544.3665558744021","8.358384979690637","250.31442317302378","124.0","1371.0","276.215622620358","584.48947232261","150.12446977009952","1.2717937000081183","1","172","1","0","0","1","0"
"941","941","","2","139","114.35994442771276","1490.0467937524857","6.200952848835343","300.5006686029795","114.0","1412.0","275.5734857565006","554.357756969829","139.9565006600639","1.6139808675948397","1","172","1","0","0","1","0"
"942","942","","2","125","119.54324477422291","1682.6683381825494","7.11788667790469","300.81439839780955","118.0","1554.0","277.7684072687658","538.1073899836268","133.0297995933331","1.6139808675948397","1","172","1","0","0","1","0"
"1814","1814","","1","10","131.0914325230362","2919.974581963588","8.878916324481267","337.85076508995803","129.0","2890.0","318.1914562133416","483.0200127575248","115.32049805438567","2.2530601189800827","1","172","1","0","0","1","0"
"1815","1815","","2","11","128.59995410425418","2894.3914864148996","7.7500656766862965","299.7458322868805","129.0","2839.0","316.9891569239524","483.94260548733064","115.38501202270325","2.2530601189800827","1","172","1","0","0","1","0"
"1816","1816","","2","12","128.90520355862148","2767.6937259741767","8.137210825920231","321.95768783021197","128.0","2548.0","315.6018885131187","484.31164257925303","115.41081761003029","2.2530601189800827","1","172","1","0","0","1","0"
"1817","1817","","2","13","126.6438553780275","2719.756921338394","7.616068946374621","362.65533117518225","125.0","2529.0","313.56722817722925","483.85034621435005","115.3785606258715","2.2530601189800827","1","172","1","0","0","1","0"
"1818","1818","","2","14","124.84873632312241","2648.805491103742","7.643270787226446","324.7221003330146","124.0","2508.0","313.6597127379515","485.2342353090589","115.47533157834788","2.2530601189800827","1","172","1","0","0","1","0"
"1819","1819","","2","15","123.56143549689303","2713.596894805464","7.555515423742325","350.8379132988536","123.0","2597.0","312.54989800928456","484.5884203981947","115.43017180052557","2.2530601189800827","1","172","1","0","0","1","0"
"1820","1820","","2","16","123.41141684219684","2806.4318343489913","7.265195912464639","339.882067648935","122.0","2670.0","312.08747520567334","484.7729389441559","115.44307459418908","2.2530601189800827","1","172","1","0","0","1","0"
"1821","1821","","2","17","124.28162135990597","2838.231901392364","7.530783643481998","287.599812953257","123.0","2670.0","311.8100215235066","485.2342353090588","115.47533157834788","2.2530601189800827","1","172","1","0","0","1","0"
"1822","1822","","2","18","123.2364128855434","2574.571521077094","7.1994746536317535","269.5388575058278","122.0","2382.0","311.1397965049331","483.817311599392","113.94300408145843","2.2530601189800827","1","172","1","0","0","1","0"
"1823","1823","","2","19","123.38398637169607","2464.517651614536","7.769517807138718","227.9084176467422","122.0","2298.0","310.9548273834886","484.8321636021784","114.01396944660776","2.2530601189800827","1","172","1","0","0","1","0"
"1824","1824","","2","20","123.14256588181146","2428.3007988975","6.999144249331648","232.99676668826055","123.0","2312.0","310.2149508977106","485.66249705900367","114.07203201809358","2.2530601189800827","1","172","1","0","0","1","0"
"1825","1825","","2","21","122.26319012571217","2387.6178770506262","6.474846456213172","250.143776215596","120.0","2226.0","310.12246633698834","485.75475633198425","114.07848341492534","2.2530601189800827","1","172","1","0","0","1","0"
"1826","1826","","2","22","121.39075046129379","2338.336519146044","7.231114210228674","253.24918786335456","121.0","2246.0","308.5502288047101","486.5850897888095","114.13654598641116","2.2530601189800827","1","172","1","0","0","1","0"
"1827","1827","","2","23","122.10687817463663","2305.6173894838507","7.098805778167058","277.2774940330898","122.0","2231.0","307.5328986367654","485.3857192400619","114.05267782759832","2.2530601189800827","1","172","1","0","0","1","0"
"1828","1828","","2","24","121.81594704389693","2347.8514271295753","7.143473543962814","273.63633127772107","121.0","2333.0","305.7756919830427","485.10894142112016","114.03332363710305","2.2530601189800827","1","172","1","0","0","1","0"
"1829","1829","","2","25","125.1047165796338","2311.0396418809037","7.013748766387332","219.41554286988176","124.0","2239.0","304.3504885198644","484.5447486230027","115.36982030347443","2.2530601189800827","1","172","1","0","0","1","0"
"1830","1830","","2","26","123.62418619414254","2049.2174152041453","6.959679044924516","194.6438093688026","123.0","2096.0","304.1655193984199","485.0060449879056","115.40207728763322","2.2530601189800827","1","172","1","0","0","1","0"
"1831","1831","","2","27","124.98364159999294","2167.6889637643626","7.270987032092161","216.21595459685435","123.0","2114.0","302.5007973054195","484.5447486230027","115.36982030347443","2.2530601189800827","1","172","1","0","0","1","0"
"1832","1832","","2","28","124.79205732740462","2245.1734786265115","6.720117779216612","231.72053726915314","123.0","2167.0","302.5007973054195","482.8840817093522","115.25369516050279","2.2530601189800827","1","172","1","0","0","1","0"
"1833","1833","","2","29","124.39698259853816","2306.3528833442447","7.021957387081362","274.50946547928334","124.0","2261.0","301.4834671374748","483.80667443915803","115.31820912882037","2.2530601189800827","1","172","1","0","0","1","0"
"1834","1834","","2","30","124.68355374494534","2455.5043452041264","7.748393512469721","375.9717722325132","123.0","2453.0","300.55862153025237","483.1608595282939","115.27304935099806","2.2530601189800827","1","172","1","0","0","1","0"
"1835","1835","","2","31","124.98457372719137","2587.403310788522","7.62861655772318","333.045782780666","123.0","2440.0","299.17135311941865","482.4227853444492","115.22143817634401","2.2530601189800827","1","172","1","0","0","1","0"
"1836","1836","","2","32","123.60758986169469","2489.4437601609925","7.139571775721314","309.00380702927896","121.0","2293.0","298.7089303158074","481.7769704335851","115.17627839852169","2.2530601189800827","1","172","1","0","0","1","0"
"1837","1837","","2","33","123.66607552035488","2401.6744488317054","7.270023787129281","334.46362148515215","122.0","2229.0","298.6164457550852","482.4227853444492","115.22143817634401","2.2530601189800827","1","172","1","0","0","1","0"
"1838","1838","","2","34","124.70596160293756","2777.2940658087937","7.375204133751122","359.5175838241679","123.0","2578.0","298.43147663364067","483.06860025531336","115.26659795416631","2.2530601189800827","1","172","1","0","0","1","0"
"1839","1839","","2","35","124.02821120155296","2677.088131068351","8.371177631675899","351.1999049008849","123.0","2608.0","298.24650751219616","483.62215589319686","115.30530633515686","2.2530601189800827","1","172","1","0","0","1","0"
"1840","1840","","2","36","122.65426894381105","2593.8585186331916","7.614453126755156","379.15461715782794","121.0","2550.0","297.78408470858494","483.52989662021633","115.29885493832509","2.2530601189800827","1","172","1","0","0","1","0"
"1841","1841","","2","37","121.78316731833084","2545.063861299025","7.617911242527035","276.42210586971845","119.0","2309.0","295.84190893341776","483.89893371213867","115.32466052565212","2.2530601189800827","1","172","1","0","0","1","0"
"1842","1842","","2","38","120.77443057775224","2436.995683144638","6.807655797564799","233.53008578070808","120.0","2361.0","295.6569398119733","484.1757115310804","115.3440147161474","2.2530601189800827","1","172","1","0","0","1","0"
"1843","1843","","2","39","120.29560648180603","2239.023609635009","6.949175686970179","201.6462728174877","118.0","2061.0","295.10203244763983","486.38993408261445","115.4988482401096","2.2530601189800827","1","172","1","0","0","1","0"
"1844","1844","","2","40","119.21166849965475","2194.32163623053","6.864135970083705","197.0911004371158","117.0","2050.0","294.2696714011396","487.2202675394397","115.55691081159543","2.2530601189800827","1","172","1","0","0","1","0"
"1845","1845","","2","41","118.47210551321426","2066.0175500634714","6.604619416356306","226.8322625745205","118.0","1985.0","293.62227947608386","487.3125268124203","115.56336220842718","2.2530601189800827","1","172","1","0","0","1","0"
"1846","1846","","2","42","118.60585174558325","2007.2585913604355","6.474023469112829","231.5109072333687","117.0","1934.0","292.97488755102813","487.4047860854009","115.56981360525894","2.2530601189800827","1","172","1","0","0","1","0"
"1847","1847","","2","43","117.835110248702","1965.831263414556","6.709715526003781","234.08888109655607","117.0","1896.0","291.77258826163893","487.49704535838146","115.57626500209071","2.2530601189800827","1","172","1","0","0","1","0"
"1848","1848","","2","44","119.74192997918324","2047.7727944401029","6.756735893671127","230.51483995243578","119.0","1980.0","291.5876191401945","487.4047860854009","115.56981360525894","2.2530601189800827","1","172","1","0","0","1","0"
"1849","1849","","2","45","119.14605284037948","2137.6038485769654","6.780253007783465","261.6615883735141","118.0","2045.0","290.292835290083","486.5744526285756","115.51175103377312","2.2530601189800827","1","172","1","0","0","1","0"
"1850","1850","","2","46","119.0210804177144","2121.987467546721","6.742482158201644","288.5706431206353","118.0","2076.0","289.6639941013708","485.45485548905594","115.1361706783353","2.2530601189800827","1","172","1","0","0","1","0"
"1851","1851","734.2080038928551","2","47","118.05049918457618","2070.903110417373","6.901337410319452","378.6199615744011","116.0","1893.0","289.55038785575937","485.34504665924095","113.7766336954433","2.2530601189800827","1","172","1","0","0","1","0"
"1852","1852","819.0261918643979","2","48","119.44290248145525","2261.301370295681","7.1482339802335515","425.20265877271794","118.0","2211.0","289.0217513241385","485.43915170040077","115.24387946838351","2.2530601189800827","1","172","1","0","0","1","0"
"1853","1853","783.377341957531","2","49","121.05057353931713","2312.117330085899","7.617108722994315","388.1595500832156","119.0","2261.0","288.90855684887464","484.44443700571435","114.80332645780094","2.2530601189800827","1","172","1","0","0","1","0"
"1854","1854","764.9494571464977","2","50","120.52156989048395","2307.55444301491","6.739621337797796","385.4893617223875","118.0","2239.0","288.4603127404949","484.6924838252836","114.71498900649824","2.2530601189800827","1","172","1","0","0","1","0"
"1855","1855","823.4372491450647","2","51","119.90370387580533","2287.5400015307664","6.83692559929036","417.4290627357191","118.0","2243.0","287.61893713841823","485.8264682462583","114.85116471294481","2.2530601189800827","1","172","1","0","0","1","0"
"1856","1856","772.3303987828334","2","52","118.918304872201","2218.8127210364464","7.180664021155277","403.83098581803955","117.0","2089.0","287.7659105589627","487.77116544558044","114.03177767624759","2.2530601189800827","1","172","1","0","0","1","0"
"1857","1857","837.5591805164192","2","53","119.82180042766639","2318.7540136944667","6.763716959951566","440.472804129368","119.0","2280.0","287.46103315474306","488.12321363040775","114.83330646687438","2.2530601189800827","1","172","1","0","0","1","0"
"1858","1858","850.109769062918","2","54","118.65406908379808","2331.2359386784665","6.58599055947605","430.389975764892","117.0","2298.0","287.63094519913665","488.8912550200572","114.44284659099273","2.2530601189800827","1","172","1","0","0","1","0"
"1859","1859","792.9563828802385","2","55","118.70505976245047","2265.233892333359","6.876077057320778","466.19716724841635","118.0","2239.0","286.8915606421847","489.5331277462197","114.70460337802751","2.2530601189800827","1","172","1","0","0","1","0"
"1860","1860","783.2774694229029","2","56","118.05237828775543","2227.1146493721903","6.373114271503091","430.47456453922575","117.0","2244.0","287.0039871662766","488.39198017027917","114.5721771969421","2.2530601189800827","1","172","1","0","0","1","0"
"1861","1861","811.1649843337001","2","57","116.58013885330266","2144.0897592167717","6.374022928587394","419.67069457123773","114.0","1955.0","286.87541948282137","488.53246218801894","113.38420901562495","2.2530601189800827","1","172","1","0","0","1","0"
"1862","1862","809.2096487840579","2","58","117.38020421038978","2244.18840412081","6.394406091069031","421.89996798742646","116.0","2257.0","286.46095126104626","488.58219623756884","114.01916345171355","2.2530601189800827","1","172","1","0","0","1","0"
"1863","1863","777.9017439188701","2","59","116.67299745145074","2237.9958858998457","6.445512760118055","415.1668108850124","116.0","2236.0","286.35441556488695","490.08776357431094","114.05198662658825","2.2530601189800827","1","172","1","0","0","1","0"
"1864","1864","806.3416520097899","2","60","116.23706886679298","2270.366979567051","6.304609245014829","443.8837762213775","115.0","2225.0","285.44489904371244","489.63474915100153","114.54240404290422","2.2530601189800827","1","172","1","0","0","1","0"
"1865","1865","797.1139556064077","2","61","115.90855655824102","2190.4534633786106","6.186606054545108","419.60038890057047","115.0","2125.0","285.3313100616134","490.97649510829586","114.77969576880182","2.2530601189800827","1","172","1","0","0","1","0"
"1866","1866","825.5210849192083","2","62","115.85259952454214","2222.997122417637","6.384019853475057","453.5870124056705","115.0","2112.0","284.5796307709166","492.0290917537856","115.88406228657018","2.2530601189800827","1","172","1","0","0","1","0"
"1867","1867","755.3998688147241","2","63","116.07687407008821","2120.493775845357","6.137984117417854","434.05845594816225","115.0","2051.0","284.3097305088865","493.458007478519","116.02539721550193","2.2530601189800827","1","172","1","0","0","1","0"
"1868","1868","760.8773039292761","2","64","116.52366132531002","2106.7317123177822","6.381204157065079","430.0792142679436","114.0","2012.0","284.0829601185298","494.84708176316366","116.42300111556824","2.2530601189800827","1","172","1","0","0","1","0"
"1869","1869","826.5293248970196","2","65","116.32247452439506","2089.610831080341","6.497290300962504","432.66376088593114","115.0","1952.0","284.54045545539566","496.3469764363365","115.75712179096297","2.2530601189800827","1","172","1","0","0","1","0"
"1870","1870","715.4799645443954","2","66","116.43278464541386","1960.9351469907397","6.5782220072878435","389.2635973785378","115.0","1866.0","284.2571426154405","497.13664968961524","116.50488340139646","2.2530601189800827","1","172","1","0","0","1","0"
"1871","1871","778.8358657409267","2","67","117.12108727098406","2055.3958046021194","6.8891338932147255","397.6347585130214","115.0","1842.0","284.25870235191144","497.09807769057005","116.75164159398567","2.2530601189800827","1","172","1","0","0","1","0"
"1872","1872","752.4823769906299","2","68","117.33223779459323","2040.713588062478","6.437930907445471","442.34354198464825","116.0","1879.0","284.12972368960027","497.6716396903286","116.65583723802207","2.2530601189800827","1","172","1","0","0","1","0"
"1873","1873","737.9202541824112","2","69","117.34577686560071","2005.6023971818202","7.0813389587334115","422.73630159178447","115.0","1865.0","283.8716588226672","497.116558553688","117.12714898634388","2.2530601189800827","1","172","1","0","0","1","0"
"1874","1874","643.6885466950976","2","70","119.16490187240262","2027.9278737846555","7.646341202094767","383.9150512716936","116.0","1870.0","283.4050124031129","500.01976087219975","117.72630776979022","2.2530601189800827","1","172","1","0","0","1","0"
"1875","1875","708.0344268846336","2","71","118.30260913902195","1888.4706431421268","6.860193694459961","396.61157973905034","116.0","1625.0","282.84392434855056","500.26290509029127","117.96621408129553","2.2530601189800827","1","172","1","0","0","1","0"
"1876","1876","626.0795116332815","2","72","117.84504117239275","1797.1615582011352","6.767417152037684","363.94915985249867","116.0","1597.0","282.6244676474397","501.23348414650707","118.32984061724602","2.2530601189800827","1","172","1","0","0","1","0"
"1877","1877","595.2363260664752","2","73","118.21785887413189","1861.4694428774594","6.956575023867384","355.89328814677015","115.0","1636.0","282.4107139217615","500.86794168798787","118.77843828598355","2.2530601189800827","1","172","1","0","0","1","0"
"1878","1878","655.5214508166052","2","74","119.17397853483502","1930.8185049962567","7.522351419027378","374.75756090196904","117.0","1782.0","282.28552097030166","500.2305852546033","119.30926439977301","2.2530601189800827","1","172","1","0","0","1","0"
"1879","1879","650.9128237110634","2","75","118.29843444749005","1907.2371933994675","7.339753546098547","397.1081925880479","117.0","1837.0","281.93685767991803","499.9037377455348","119.50368239350763","2.2530601189800827","1","172","1","0","0","1","0"
"1880","1880","698.3201516419982","2","76","119.08853835798529","1929.618963536534","7.809635508277484","407.8709250415531","118.0","1902.0","281.8814114273784","500.7594381501003","119.73297865049949","2.2530601189800827","1","172","1","0","0","1","0"
"1881","1881","602.6151537624676","2","77","118.6133129187553","1748.422635258744","7.203238105955832","365.1920001285047","118.0","1735.0","281.494666030501","502.7521057365107","120.0380318502352","2.2530601189800827","1","172","1","0","0","1","0"
"1882","1882","650.8394797198116","2","78","116.73618788721801","1723.0512706007833","6.852736419412608","376.3039893814987","116.0","1599.0","281.2698753762015","502.864158644845","120.01259867086357","2.2530601189800827","1","172","1","0","0","1","0"
"1883","1883","654.2153282370268","2","79","116.11699677022906","1789.7362809363415","6.372816681751326","376.3436297335199","115.0","1690.0","280.69899647755904","503.8267352128723","121.6580328615811","2.2530601189800827","1","172","1","0","0","1","0"
"1884","1884","541.0431647150097","2","80","115.80459488245859","1602.6274001426275","6.337097338535699","314.47996669948407","115.0","1495.0","281.23157581383936","504.42692324168786","120.39325031324552","2.2530601189800827","1","172","1","0","0","1","0"
"1885","1885","646.1019463776541","2","81","116.20241349449114","1731.5462197937738","6.176909386442758","365.6599893291994","115.0","1576.0","280.85741638042975","506.29825344863383","121.12494419768467","2.2530601189800827","1","172","1","0","0","1","0"
"1886","1886","662.9018377501377","2","82","116.23169602001812","1740.234130618538","6.5139058088732735","381.251226001818","115.0","1554.0","280.9238368734461","507.6983922775666","120.85925672068439","2.2530601189800827","1","172","1","0","0","1","0"
"1887","1887","616.8554071878957","2","83","117.21941162083878","1811.458043145808","6.609049221390102","381.0386350763604","115.0","1600.0","280.71975124206307","509.0605121431119","121.55404937068461","2.2530601189800827","1","172","1","0","0","1","0"
"1888","1888","623.2566634327718","2","84","117.81869396563089","1804.0690403444148","6.8561570154828235","391.184905789457","117.0","1674.0","281.020158362697","509.6281875861995","121.60395510297539","2.2530601189800827","1","172","1","0","0","1","0"
"1889","1889","649.6978535535166","2","85","117.80487478119421","1893.0742474189806","7.2895290045344705","401.2149285731317","116.0","1762.0","280.8961988701534","510.7894596755903","122.5057362119448","2.2530601189800827","1","172","1","0","0","1","0"
"1890","1890","579.4650820454488","2","86","116.65122390122733","1870.7001403779286","7.171821806334665","387.8015017344993","115.0","1896.0","279.9172776195452","511.75528888802745","124.14822746283525","2.2530601189800827","1","172","1","0","0","1","0"
"1891","1891","557.2952662132418","2","87","117.5443615171691","1926.2045156476527","7.287044495141559","381.1542930332957","115.0","1835.0","279.8616283986967","511.7750477254477","124.87962529368183","2.2530601189800827","1","172","1","0","0","1","0"
"1892","1892","608.6442155338326","2","88","116.10125561380488","1737.9811080517268","6.29141105939471","379.4003470636706","114.0","1411.0","280.15497552565085","510.998579054748","123.45152534532144","2.2530601189800827","1","172","1","0","0","1","0"
"1893","1893","628.7535856517654","2","89","116.50056420579196","1792.6786767421331","6.54305215599883","383.40502743423764","115.0","1599.0","279.8022059784366","510.46376839508827","124.99784972388733","2.2530601189800827","1","172","1","0","0","1","0"
"1894","1894","489.45905760359597","2","90","116.63297149431853","1803.8601617182435","7.056261817105852","360.2781988936528","114.0","1666.0","279.2881228524882","513.1333425184826","124.741541383641","2.2530601189800827","1","172","1","0","0","1","0"
"1895","1895","525.281133474206","2","91","116.00557307975409","1678.0869440225183","6.412883874062499","361.4245238944318","115.0","1647.0","279.1085910713645","513.7954110372073","124.5242623697194","2.2530601189800827","1","172","1","0","0","1","0"
"1896","1896","578.6704012165344","2","92","116.68873786046446","1669.3808876776877","6.887803070961869","348.3475805134856","114.0","1394.0","279.37191749060867","515.1871204750769","124.21305273008872","2.2530601189800827","1","172","1","0","0","1","0"
"1897","1897","574.6832375869122","2","93","118.05037723227677","1677.1309367891254","7.085223462526418","356.48657318460147","116.0","1423.0","280.2774511850558","514.9794274274013","123.26083254047799","2.2530601189800827","1","172","1","0","0","1","0"
"1898","1898","553.5806019878827","2","94","117.74826713968612","1630.0306175725095","7.156681292674304","330.1546151237766","116.0","1379.0","279.8815351244339","516.739236137208","123.39423042423849","2.2530601189800827","1","172","1","0","0","1","0"
"1899","1899","545.3638268152469","2","95","117.92110447315686","1677.9972330505086","6.783124038709909","330.2786470213283","117.0","1578.0","279.8832835363607","516.8588006141835","123.66384871327601","2.2530601189800827","1","172","1","0","0","1","0"
"1900","1900","554.4159908073755","2","96","118.85303060663642","1587.0403302911918","7.228753645711765","321.22461575889895","117.0","1307.0","279.5859688746635","517.4285280207145","124.53480309925875","2.2530601189800827","1","172","1","0","0","1","0"
"1901","1901","539.088267233758","2","97","118.59249807501595","1567.9075118321957","7.43408981572218","339.2864197753098","117.0","1449.0","279.19956851946074","519.1429274825357","124.5426855099206","2.2530601189800827","1","172","1","0","0","1","0"
"1902","1902","533.209916501902","2","98","119.33031993286278","1633.5217809764072","7.980171240741284","380.8999631597663","117.0","1604.0","278.6758861834297","519.1427997255607","125.71336544669809","2.2530601189800827","1","172","1","0","0","1","0"
"1903","1903","534.6223258264617","2","99","118.79294003355129","1598.16766967281","7.391095224668975","351.461873178988","117.0","1579.0","278.7551776424849","519.8955612222668","125.34169637252045","2.2530601189800827","1","172","1","0","0","1","0"
"1904","1904","545.0274873926527","2","100","119.53035191752429","1585.7308317417046","7.789768808267614","360.82428859818407","118.0","1556.0","278.3084287727754","520.7171900512369","126.95489843248399","2.2530601189800827","1","172","1","0","0","1","0"
"1905","1905","502.8023953246393","2","101","120.11924766874408","1550.4535693156677","7.912162271406743","340.85562485409366","119.0","1547.0","278.5389398853657","521.3773592905958","126.63991953977266","2.2530601189800827","1","172","1","0","0","1","0"
"1906","1906","498.27357513068426","2","102","116.94992967808714","1500.420131842157","6.860431360483211","338.9819843471114","115.0","1418.0","279.08057144658954","522.9342538468477","124.56563141678238","2.2530601189800827","1","172","1","0","0","1","0"
"1907","1907","510.56753709599997","2","103","117.48479553893165","1466.1101461457988","7.248226203563733","326.5906422191532","115.0","1295.0","278.42126599708223","522.6393223277391","125.70904392347242","2.2530601189800827","1","172","1","0","0","1","0"
"1908","1908","479.64484518445363","2","105","118.22424865389269","1442.0432184826543","7.719589323570108","314.5675132837775","116.0","1358.0","277.2588179003965","524.1023817539841","127.42907070943643","2.2530601189800827","1","172","1","0","0","1","0"
"1909","1909","491.7319494822149","2","106","117.72029011871525","1446.1009162333803","7.529351651577715","328.57722286510636","116.0","1366.0","277.65878937644635","525.6546763162053","127.22272319937179","2.2530601189800827","1","172","1","0","0","1","0"
"1910","1910","577.5582972647916","2","107","117.7647615205591","1461.2345978350525","7.4016639879835715","327.1605717203378","115.0","1270.0","277.5147718330287","526.9098988338507","127.48632477342007","2.2530601189800827","1","172","1","0","0","1","0"
"1911","1911","496.76927219114276","2","108","117.66519071609048","1428.8165496748177","7.244969218751771","287.3852887221405","116.0","1366.0","277.486957501611","528.432892956152","128.06875045264636","2.2530601189800827","1","172","1","0","0","1","0"
"1912","1912","516.6135932865108","2","109","117.1642921039941","1426.0633586912609","7.3223446848822835","313.48573589813907","115.0","1312.0","277.3585087753619","529.3093037618362","127.77136804658376","2.2530601189800827","1","172","1","0","0","1","0"
"1913","1913","540.0896883307472","2","110","115.25177763147423","1349.9175272284813","7.008208670280764","345.0066624908941","113.0","1045.0","277.3801849805552","528.6357593816966","126.85589179088595","2.2530601189800827","1","172","1","0","0","1","0"
"1914","1914","518.6647740636845","2","111","116.691553535489","1390.33224019595","7.27306145839909","319.8046193080182","114.0","1110.0","277.19184011002034","529.8343870104667","127.68785717676168","2.2530601189800827","1","172","1","0","0","1","0"
"1915","1915","557.339769464429","2","112","117.37258102350759","1435.376751978974","7.468986578526738","334.6209667216416","114.0","1139.0","277.3692787328884","530.3929956716463","127.99369413028424","2.2530601189800827","1","172","1","0","0","1","0"
"1916","1916","548.9214434618352","2","113","118.17821840202915","1409.1346513095862","7.314141440860488","344.7986957971397","116.0","1269.0","277.49800256254736","531.7507887502782","129.2174893282803","2.2530601189800827","1","172","1","0","0","1","0"
"1917","1917","543.3089210522472","2","114","116.98843023361201","1432.076712047824","7.499996991608678","327.77664612121714","115.0","1290.0","277.0327128626957","532.4400748690354","130.29726295940426","2.2530601189800827","1","172","1","0","0","1","0"
"1918","1918","537.6222655269216","2","115","117.7219958636856","1507.4062622520335","7.798134316436804","335.19932146313886","116.0","1474.0","276.9730934816367","534.1545568439197","130.8579018051891","2.2530601189800827","1","172","1","0","0","1","0"
"1919","1919","614.3250169398406","2","116","116.58245351770579","1491.8002393977729","7.415896086433259","359.19749917985285","115.0","1372.0","277.0015982122897","534.6483351835544","131.18135975074875","2.2530601189800827","1","172","1","0","0","1","0"
"1920","1920","651.2138761363608","2","117","118.47040453175573","1525.273284625001","7.99779376857103","358.20747432110204","115.0","1259.0","276.9265192129347","535.6941875605895","131.93469799748942","2.2530601189800827","1","172","1","0","0","1","0"
"1921","1921","670.2536249480767","2","118","117.62100724784666","1542.6611135666817","7.904332413325816","372.4429013242993","115.0","1345.0","276.9659134824393","536.5097983749775","132.15268369713573","2.2530601189800827","1","172","1","0","0","1","0"
"1922","1922","597.2438583127788","2","119","118.11229628007965","1480.6179639546788","7.777131050287621","354.76237362624744","115.0","1297.0","277.10787679200126","536.7258277026666","132.1987832802616","2.2530601189800827","1","172","1","0","0","1","0"
"1923","1923","670.3727507249891","2","120","116.9907118887418","1543.1889301751849","6.9667414063812645","402.2458732187513","115.0","1362.0","277.34241615565315","536.3245381286724","132.5816480268464","2.2530601189800827","1","172","1","0","0","1","0"
"1924","1924","662.8762110718371","2","121","118.28339852586271","1567.498694242858","7.516469786468082","410.5538279603892","116.0","1308.0","278.0319260609908","536.5624519231699","131.44256713571443","2.2530601189800827","1","172","1","0","0","1","0"
"1925","1925","651.525352696501","2","122","118.35888038227826","1532.445454312809","7.443138582514308","400.1823563162753","117.0","1298.0","277.9030346157782","535.9176344224156","132.06265235407164","2.2530601189800827","1","172","1","0","0","1","0"
"1926","1926","661.8650380951236","2","123","119.57643563459501","1587.7262129681637","7.607964940412481","404.14251158150967","118.0","1405.0","278.0284569979203","535.5615271354583","132.6818714460579","2.2530601189800827","1","172","1","0","0","1","0"
"1927","1927","727.13170540177","2","124","120.4940832326645","1522.4450627132373","7.834154861008003","423.0104696486607","119.0","1241.0","278.80632266941257","535.9578705060133","131.76514246844366","2.2530601189800827","1","172","1","0","0","1","0"
"2128","2128","","2","126","118.77874575540392","1570.1822124463704","7.310145464185188","293.07120435000894","117.0","1361.0","277.76870268241566","539.0772742213744","133.0297970156899","1.6139808675948397","1","172","1","0","0","1","0"
"2129","2129","","2","127","119.67181664282887","1508.3273663096404","7.369881385122819","299.27671691141717","118.0","1435.0","277.76899809606545","540.0471584591221","133.02979443804668","1.6139808675948397","1","172","1","0","0","1","0"
"2130","2130","","2","128","121.57075542473889","1617.5002625215068","8.339497613583408","253.78893267250947","120.0","1492.0","276.8494708362488","542.7815377039325","135.77214173367796","1.6139808675948397","1","172","1","0","0","1","0"
"2131","2131","","2","129","118.61932430221644","1470.8959091535942","7.11385312104494","266.94261658995543","117.0","1320.0","276.5589043632287","543.9454874133246","135.77721591150518","1.6139808675948397","1","172","1","0","0","1","0"
"2132","2132","","2","130","118.39672504469414","1493.884965256378","7.016085021296843","271.9997624848036","118.0","1428.0","276.46278740634654","546.7581812441575","135.77890086000622","1.6139808675948397","1","172","1","0","0","1","0"
"2133","2133","","2","131","116.51140235052716","1432.9839613719214","6.374596374863128","266.96918109077296","116.0","1353.0","276.2690764243331","547.5341477170856","135.78228364522437","1.6139808675948397","1","172","1","0","0","1","0"
"2134","2134","","2","133","116.35860128363767","1414.816304957776","6.724095828085793","261.8583458999772","114.0","1256.0","276.3328043278165","551.0336089984658","137.14500107710933","1.6139808675948397","1","172","1","0","0","1","0"
"2135","2135","","2","134","115.00221964442991","1439.6127831587405","6.254749887717357","271.75562392367704","113.0","1299.0","276.1047560272019","551.0415701949921","137.82886834866048","1.6139808675948397","1","172","1","0","0","1","0"
"2136","2136","","2","135","115.70112318027604","1402.6749195935279","6.945648839846841","271.3169439258818","114.0","1259.0","275.88987923448536","551.8149179301672","138.2899245112098","1.6139808675948397","1","172","1","0","0","1","0"
"2137","2137","","2","136","114.91233920422968","1490.1231105679653","5.909021344167011","310.0723418187315","114.0","1391.0","275.88987923448536","551.8149179301672","138.2899245112098","1.6139808675948397","1","172","1","0","0","1","0"
"2138","2138","","2","137","115.59567319023016","1405.9883113262888","6.506101066546068","309.297213827842","114.0","1246.0","276.08415150243343","552.8817315089595","138.2865368284695","1.6139808675948397","1","172","1","0","0","1","0"
"2139","2139","","2","138","114.61197033921235","1484.1142242679268","6.304595579704217","297.2924360937481","113.0","1395.0","275.4760689795592","552.9029601545725","139.9581969501951","1.6139808675948397","1","172","1","0","0","1","0"
