"Label","ID","Link cost","Link displacement","Link target IDs","Link target IDs","Link velocity","Honly","HtoL","checked","last peak"
"",""," "," ","Source spot id","Target spot id"," ","Tag","Tag","Tag","Tag"
"","","","(micron)","","","(micron/frame)","","","",""
"5 ? 0","0","","1.337392519186996","5.0","0.0","1.337392519186996","0","1","1","1"
"6 ? 5","1","","2.3056306730899094","6.0","5.0","2.3056306730899094","0","1","1","1"
"7 ? 6","2","","0.469188333565662","7.0","6.0","0.469188333565662","0","1","1","1"
"8 ? 7","3","","4.96007522967948","8.0","7.0","4.96007522967948","0","1","1","1"
"9 ? 8","4","","3.3722539182235236","9.0","8.0","3.3722539182235236","0","1","1","1"
"10 ? 9","5","","1.1710427179227103","10.0","9.0","1.1710427179227103","0","1","1","1"
"11 ? 10","6","","2.0200435141315047","11.0","10.0","2.0200435141315047","0","1","1","1"
"12 ? 11","7","","4.281174719448985","12.0","11.0","4.281174719448985","0","1","1","1"
"13 ? 12","8","","6.571473704074004","13.0","12.0","6.571473704074004","0","1","1","1"
"14 ? 13","9","","7.345832276761293","14.0","13.0","7.345832276761293","0","1","1","1"
"15 ? 14","10","","10.507965529218215","15.0","14.0","10.507965529218215","0","1","1","1"
"16 ? 15","11","","6.203982527363587","16.0","15.0","6.203982527363587","0","1","1","1"
"17 ? 16","12","","3.4292648391272853","17.0","16.0","3.4292648391272853","0","1","1","1"
"18 ? 17","13","","4.917213213833595","18.0","17.0","4.917213213833595","0","1","1","1"
"19 ? 18","14","","2.375084917760791","19.0","18.0","2.375084917760791","0","1","1","1"
"20 ? 19","15","","1.537338748469584","20.0","19.0","1.537338748469584","0","1","1","1"
"21 ? 20","16","","3.5019552671595613","21.0","20.0","3.5019552671595613","0","1","1","1"
"22 ? 21","17","","0.7418518928231554","22.0","21.0","0.7418518928231554","0","1","1","1"
"23 ? 22","18","","2.6086756128635855","23.0","22.0","2.6086756128635855","0","1","1","1"
"24 ? 23","19","","3.042902963520228","24.0","23.0","3.042902963520228","0","1","1","1"
"25 ? 24","20","","3.9960979523581153","25.0","24.0","3.9960979523581153","0","1","1","1"
"504 ? 26","21","","7.741796148131833","504.0","26.0","7.741796148131833","0","1","1","1"
"26 ? 25","22","","6.817112500348803","26.0","25.0","6.817112500348803","0","1","1","1"
"28 ? 27","23","","6.568452132898247","28.0","27.0","6.568452132898247","0","1","1","1"
"29 ? 28","24","","6.830950919907638","29.0","28.0","6.830950919907638","0","1","1","1"
"30 ? 29","25","","5.521578589735454","30.0","29.0","5.521578589735454","0","1","1","1"
"31 ? 30","26","","6.181552692179198","31.0","30.0","6.181552692179198","0","1","1","1"
"32 ? 31","27","","5.33061634672754","32.0","31.0","5.33061634672754","0","1","1","1"
"943 ? 33","28","","1.0341156423467412","943.0","33.0","1.0341156423467412","0","1","1","1"
"33 ? 32","29","","6.507904765757037","33.0","32.0","6.507904765757037","0","1","1","1"
"956 ? 126","30","","6.485540555419786","956.0","126.0","6.485540555419786","0","1","1","1"
"34 ? 956","31","","6.577192085900782","34.0","956.0","6.577192085900782","0","1","1","1"
"955 ? 34","32","","6.060439288205457","955.0","34.0","6.060439288205457","0","1","1","1"
"36 ? 955","33","","8.572821040860937","36.0","955.0","8.572821040860937","0","1","1","1"
"37 ? 36","34","","7.744754089785426","37.0","36.0","7.744754089785426","0","1","1","1"
"38 ? 37","35","","10.184857912086201","38.0","37.0","10.184857912086201","0","1","1","1"
"39 ? 38","36","","7.557807348387589","39.0","38.0","7.557807348387589","0","1","1","1"
"40 ? 39","37","","5.674692646028172","40.0","39.0","5.674692646028172","0","1","1","1"
"41 ? 40","38","","7.40998719306478","41.0","40.0","7.40998719306478","0","1","1","1"
"120 ? 43","39","","1.9983562059098807","120.0","43.0","1.9983562059098807","0","1","1","1"
"153 ? 46","40","","8.025878224131342","153.0","46.0","8.025878224131342","0","1","1","1"
"154 ? 153","41","","6.767182321967172","154.0","153.0","6.767182321967172","0","1","1","1"
"47 ? 4","42","","0.0","47.0","4.0","0.0","0","1","1","1"
"48 ? 47","43","","2.9318879671569453","48.0","47.0","2.9318879671569453","0","1","1","1"
"49 ? 48","44","","3.218275558590862","49.0","48.0","3.218275558590862","0","1","1","1"
"50 ? 49","45","","3.193362888674108","50.0","49.0","3.193362888674108","0","1","1","1"
"51 ? 50","46","","3.297026895515769","51.0","50.0","3.297026895515769","0","1","1","1"
"52 ? 51","47","","1.0973168795414812","52.0","51.0","1.0973168795414812","0","1","1","1"
"53 ? 52","48","","3.114438851260761","53.0","52.0","3.114438851260761","0","1","1","1"
"54 ? 53","49","","4.721116536462201","54.0","53.0","4.721116536462201","0","1","1","1"
"55 ? 54","50","","5.576239686833954","55.0","54.0","5.576239686833954","0","1","1","1"
"56 ? 55","51","","9.033794130394304","56.0","55.0","9.033794130394304","0","1","1","1"
"57 ? 56","52","","9.217561454752476","57.0","56.0","9.217561454752476","0","1","1","1"
"58 ? 57","53","","3.6644780301705735","58.0","57.0","3.6644780301705735","0","1","1","1"
"59 ? 58","54","","3.916454019307939","59.0","58.0","3.916454019307939","0","1","1","1"
"60 ? 59","55","","5.809579798510531","60.0","59.0","5.809579798510531","0","1","1","1"
"61 ? 60","56","","2.7411311163667644","61.0","60.0","2.7411311163667644","0","1","1","1"
"62 ? 61","57","","1.6671047855401673","62.0","61.0","1.6671047855401673","0","1","1","1"
"63 ? 62","58","","2.721355721011869","63.0","62.0","2.721355721011869","0","1","1","1"
"64 ? 63","59","","2.833425413003679","64.0","63.0","2.833425413003679","0","1","1","1"
"65 ? 64","60","","4.011006332285783","65.0","64.0","4.011006332285783","0","1","1","1"
"66 ? 65","61","","1.832239015085261","66.0","65.0","1.832239015085261","0","1","1","1"
"67 ? 66","62","","4.691883335656794","67.0","66.0","4.691883335656794","0","1","1","1"
"68 ? 67","63","","7.312001815325549","68.0","67.0","7.312001815325549","0","1","1","1"
"69 ? 68","64","","6.126510810835118","69.0","68.0","6.126510810835118","0","1","1","1"
"70 ? 69","65","","6.038236936072842","70.0","69.0","6.038236936072842","0","1","1","1"
"71 ? 70","66","","6.038236936072842","71.0","70.0","6.038236936072842","0","1","1","1"
"72 ? 3","67","","1.6357834236751265","72.0","3.0","1.6357834236751265","0","1","1","1"
"73 ? 72","68","","2.259747084664248","73.0","72.0","2.259747084664248","0","1","1","1"
"74 ? 73","69","","2.4054916903475014","74.0","73.0","2.4054916903475014","0","1","1","1"
"75 ? 74","70","","3.7211588186002356","75.0","74.0","3.7211588186002356","0","1","1","1"
"76 ? 75","71","","3.593142670316171","76.0","75.0","3.593142670316171","0","1","1","1"
"77 ? 76","72","","0.9848720403302083","77.0","76.0","0.9848720403302083","0","1","1","1"
"78 ? 77","73","","2.977170769854616","78.0","77.0","2.977170769854616","0","1","1","1"
"79 ? 78","74","","4.1965480324108375","79.0","78.0","4.1965480324108375","0","1","1","1"
"80 ? 79","75","","6.5071478963821185","80.0","79.0","6.5071478963821185","0","1","1","1"
"81 ? 80","76","","6.708373231692062","81.0","80.0","6.708373231692062","0","1","1","1"
"82 ? 81","77","","9.745313772779276","82.0","81.0","9.745313772779276","0","1","1","1"
"83 ? 82","78","","5.7702535445648895","83.0","82.0","5.7702535445648895","0","1","1","1"
"84 ? 83","79","","2.351412712217958","84.0","83.0","2.351412712217958","0","1","1","1"
"85 ? 84","80","","5.19910480358913","85.0","84.0","5.19910480358913","0","1","1","1"
"86 ? 85","81","","1.8971005576980444","86.0","85.0","1.8971005576980444","0","1","1","1"
"87 ? 86","82","","2.5375238917808582","87.0","86.0","2.5375238917808582","0","1","1","1"
"88 ? 87","83","","2.202240831317325","88.0","87.0","2.202240831317325","0","1","1","1"
"89 ? 88","84","","2.375084917760832","89.0","88.0","2.375084917760832","0","1","1","1"
"90 ? 89","85","","1.529366856337208","90.0","89.0","1.529366856337208","0","1","1","1"
"91 ? 90","86","","1.6421591674798974","91.0","90.0","1.6421591674798974","0","1","1","1"
"92 ? 91","87","","5.349380104011269","92.0","91.0","5.349380104011269","0","1","1","1"
"93 ? 92","88","","6.37721135921531","93.0","92.0","6.37721135921531","0","1","1","1"
"94 ? 93","89","","6.656909557251799","94.0","93.0","6.656909557251799","0","1","1","1"
"95 ? 94","90","","4.822037303350752","95.0","94.0","4.822037303350752","0","1","1","1"
"96 ? 95","91","","7.390647124262614","96.0","95.0","7.390647124262614","0","1","1","1"
"97 ? 96","92","","6.822792303969034","97.0","96.0","6.822792303969034","0","1","1","1"
"98 ? 97","93","","7.306393802408844","98.0","97.0","7.306393802408844","0","1","1","1"
"99 ? 98","94","","3.6759660521161175","99.0","98.0","3.6759660521161175","0","1","1","1"
"100 ? 99","95","","5.325724977616255","100.0","99.0","5.325724977616255","0","1","1","1"
"101 ? 100","96","","3.0512454776074462","101.0","100.0","3.0512454776074462","0","1","1","1"
"102 ? 101","97","","1.1757063561089944","102.0","101.0","1.1757063561089944","0","1","1","1"
"104 ? 103","98","","10.062835540184428","104.0","103.0","10.062835540184428","0","1","1","1"
"105 ? 104","99","","6.621570933818927","105.0","104.0","6.621570933818927","0","1","1","1"
"106 ? 105","100","","6.786585543964872","106.0","105.0","6.786585543964872","0","1","1","1"
"107 ? 106","101","","7.042571269634779","107.0","106.0","7.042571269634779","0","1","1","1"
"108 ? 107","102","","7.339480183521184","108.0","107.0","7.339480183521184","0","1","1","1"
"109 ? 108","103","","4.315347737144436","109.0","108.0","4.315347737144436","0","1","1","1"
"4 ? 110","104","","1.9298821773609496","4.0","110.0","1.9298821773609496","0","1","1","1"
"150 ? 151","105","","3.4675010125480155","150.0","151.0","3.4675010125480155","0","1","1","1"
"151 ? 152","106","","3.4816456787852137","151.0","152.0","3.4816456787852137","0","1","1","1"
"798 ? 782","107","","2.7635900822840345","798.0","782.0","2.7635900822840345","0","1","1","1"
"782 ? 783","108","","7.12505771348163","782.0","783.0","7.12505771348163","0","1","1","1"
"783 ? 784","109","","3.9857117196957645","783.0","784.0","3.9857117196957645","0","1","1","1"
"784 ? 785","110","","4.077087450094829","784.0","785.0","4.077087450094829","0","1","1","1"
"115 ? 862","111","","7.3198623739117785","115.0","862.0","7.3198623739117785","0","1","1","1"
"116 ? 115","112","","4.833378841487304","116.0","115.0","4.833378841487304","0","1","1","1"
"117 ? 116","113","","3.9779337061571134","117.0","116.0","3.9779337061571134","0","1","1","1"
"118 ? 117","114","","4.8048936390877","118.0","117.0","4.8048936390877","0","1","1","1"
"119 ? 120","115","","3.7285569732405843","119.0","120.0","3.7285569732405843","0","1","1","1"
"121 ? 102","116","","1.0491370081027493","121.0","102.0","1.0491370081027493","0","1","1","1"
"122 ? 121","117","","1.2955886323213726","122.0","121.0","1.2955886323213726","0","1","1","1"
"123 ? 122","118","","6.882122049410237","123.0","122.0","6.882122049410237","0","1","1","1"
"124 ? 123","119","","7.1349040259463505","124.0","123.0","7.1349040259463505","0","1","1","1"
"125 ? 124","120","","4.954465969749582","125.0","124.0","4.954465969749582","0","1","1","1"
"126 ? 125","121","","5.935183867770957","126.0","125.0","5.935183867770957","0","1","1","1"
"127 ? 71","122","","7.121153263349152","127.0","71.0","7.121153263349152","0","1","1","1"
"128 ? 127","123","","5.893413636606099","128.0","127.0","5.893413636606099","0","1","1","1"
"129 ? 128","124","","2.573869580632126","129.0","128.0","2.573869580632126","0","1","1","1"
"130 ? 129","125","","4.892605005389454","130.0","129.0","4.892605005389454","0","1","1","1"
"131 ? 130","126","","5.02929428989077","131.0","130.0","5.02929428989077","0","1","1","1"
"132 ? 131","127","","2.353979221473703","132.0","131.0","2.353979221473703","0","1","1","1"
"133 ? 132","128","","2.2210517072735203","133.0","132.0","2.2210517072735203","0","1","1","1"
"134 ? 133","129","","2.194633759082963","134.0","133.0","2.194633759082963","0","1","1","1"
"135 ? 134","130","","6.472559487331219","135.0","134.0","6.472559487331219","0","1","1","1"
"136 ? 135","131","","7.006823801418008","136.0","135.0","7.006823801418008","0","1","1","1"
"137 ? 136","132","","2.7097359993949786","137.0","136.0","2.7097359993949786","0","1","1","1"
"138 ? 137","133","","5.12407688783882","138.0","137.0","5.12407688783882","0","1","1","1"
"139 ? 138","134","","8.136020976675889","139.0","138.0","8.136020976675889","0","1","1","1"
"140 ? 139","135","","7.654718520818678","140.0","139.0","7.654718520818678","0","1","1","1"
"141 ? 140","136","","6.750325863742999","141.0","140.0","6.750325863742999","0","1","1","1"
"103 ? 142","137","","7.955426582828685","103.0","142.0","7.955426582828685","0","1","1","1"
"142 ? 141","138","","8.330669746653461","142.0","141.0","8.330669746653461","0","1","1","1"
"827 ? 154","139","","5.221012052655041","827.0","154.0","5.221012052655041","0","1","1","1"
"828 ? 827","140","","5.445799844540652","828.0","827.0","5.445799844540652","0","1","1","1"
"205 ? 206","141","","4.000780062970491","205.0","206.0","4.000780062970491","0","1","1","1"
"206 ? 143","142","","5.2729758396376205","206.0","143.0","5.2729758396376205","0","1","1","1"
"143 ? 144","143","","4.406590671223002","143.0","144.0","4.406590671223002","0","1","1","1"
"144 ? 145","144","","6.34497763931834","144.0","145.0","6.34497763931834","0","1","1","1"
"145 ? 146","145","","2.7368504845937487","145.0","146.0","2.7368504845937487","0","1","1","1"
"146 ? 147","146","","2.251996654890722","146.0","147.0","2.251996654890722","0","1","1","1"
"147 ? 148","147","","8.391003106114674","147.0","148.0","8.391003106114674","0","1","1","1"
"148 ? 149","148","","5.592011226497036","148.0","149.0","5.592011226497036","0","1","1","1"
"149 ? 150","149","","8.638013346593201","149.0","150.0","8.638013346593201","0","1","1","1"
"155 ? 2","150","","1.3770709004528436","155.0","2.0","1.3770709004528436","0","1","1","1"
"156 ? 155","151","","2.1406274636667044","156.0","155.0","2.1406274636667044","0","1","1","1"
"157 ? 156","152","","2.209821717183485","157.0","156.0","2.209821717183485","0","1","1","1"
"158 ? 157","153","","2.105099637865852","158.0","157.0","2.105099637865852","0","1","1","1"
"159 ? 158","154","","4.583113697257262","159.0","158.0","4.583113697257262","0","1","1","1"
"160 ? 159","155","","0.914430732951215","160.0","159.0","0.914430732951215","0","1","1","1"
"161 ? 160","156","","2.839156489192795","161.0","160.0","2.839156489192795","0","1","1","1"
"162 ? 161","157","","3.851962630460677","162.0","161.0","3.851962630460677","0","1","1","1"
"163 ? 162","158","","4.9492537071653935","163.0","162.0","4.9492537071653935","0","1","1","1"
"164 ? 163","159","","7.335174235355342","164.0","163.0","7.335174235355342","0","1","1","1"
"165 ? 164","160","","8.191269572594008","165.0","164.0","8.191269572594008","0","1","1","1"
"166 ? 165","161","","6.130850465490918","166.0","165.0","6.130850465490918","0","1","1","1"
"167 ? 166","162","","1.7706241939089917","167.0","166.0","1.7706241939089917","0","1","1","1"
"168 ? 167","163","","5.267883834331484","168.0","167.0","5.267883834331484","0","1","1","1"
"169 ? 168","164","","1.5213039731917173","169.0","168.0","1.5213039731917173","0","1","1","1"
"170 ? 169","165","","1.5811991551956586","170.0","169.0","1.5811991551956586","0","1","1","1"
"171 ? 170","166","","1.280093177916525","171.0","170.0","1.280093177916525","0","1","1","1"
"172 ? 171","167","","1.7665614660357554","172.0","171.0","1.7665614660357554","0","1","1","1"
"173 ? 172","168","","2.61986499106241","173.0","172.0","2.61986499106241","0","1","1","1"
"174 ? 173","169","","3.0592192142115087","174.0","173.0","3.0592192142115087","0","1","1","1"
"175 ? 174","170","","3.547593514806217","175.0","174.0","3.547593514806217","0","1","1","1"
"176 ? 175","171","","6.300301450642339","176.0","175.0","6.300301450642339","0","1","1","1"
"177 ? 176","172","","7.795616338939564","177.0","176.0","7.795616338939564","0","1","1","1"
"178 ? 177","173","","4.287164655556358","178.0","177.0","4.287164655556358","0","1","1","1"
"179 ? 178","174","","5.8545934086133515","179.0","178.0","5.8545934086133515","0","1","1","1"
"180 ? 179","175","","7.658358094817978","180.0","179.0","7.658358094817978","0","1","1","1"
"181 ? 180","176","","6.389899698490765","181.0","180.0","6.389899698490765","0","1","1","1"
"182 ? 181","177","","4.109234062526413","182.0","181.0","4.109234062526413","0","1","1","1"
"183 ? 182","178","","4.156749685443994","183.0","182.0","4.156749685443994","0","1","1","1"
"184 ? 183","179","","2.1669479055110834","184.0","183.0","2.1669479055110834","0","1","1","1"
"185 ? 184","180","","2.2160218943031023","185.0","184.0","2.2160218943031023","0","1","1","1"
"186 ? 185","181","","0.822026298058917","186.0","185.0","0.822026298058917","0","1","1","1"
"187 ? 186","182","","2.099790514889618","187.0","186.0","2.099790514889618","0","1","1","1"
"188 ? 187","183","","5.861216479955949","188.0","187.0","5.861216479955949","0","1","1","1"
"189 ? 188","184","","5.860386884681876","189.0","188.0","5.860386884681876","0","1","1","1"
"190 ? 189","185","","1.233039447088316","190.0","189.0","1.233039447088316","0","1","1","1"
"191 ? 190","186","","2.628959333838279","191.0","190.0","2.628959333838279","0","1","1","1"
"192 ? 191","187","","5.678008014895751","192.0","191.0","5.678008014895751","0","1","1","1"
"193 ? 192","188","","5.3212198465992895","193.0","192.0","5.3212198465992895","0","1","1","1"
"194 ? 193","189","","7.713371587039752","194.0","193.0","7.713371587039752","0","1","1","1"
"195 ? 194","190","","7.798271443905453","195.0","194.0","7.798271443905453","0","1","1","1"
"196 ? 195","191","","7.7166861917402185","196.0","195.0","7.7166861917402185","0","1","1","1"
"197 ? 196","192","","8.834441653731426","197.0","196.0","8.834441653731426","0","1","1","1"
"198 ? 197","193","","7.769991127930745","198.0","197.0","7.769991127930745","0","1","1","1"
"199 ? 198","194","","4.173790715195771","199.0","198.0","4.173790715195771","0","1","1","1"
"207 ? 199","195","","9.492191978072078","207.0","199.0","9.492191978072078","0","1","1","1"
"200 ? 207","196","","5.077653637536916","200.0","207.0","5.077653637536916","0","1","1","1"
"201 ? 200","197","","7.748191378704928","201.0","200.0","7.748191378704928","0","1","1","1"
"2 ? 202","198","","1.9010045062539143","2.0","202.0","1.9010045062539143","0","1","1","1"
"202 ? 203","199","","2.0413117256526525","202.0","203.0","2.0413117256526525","0","1","1","1"
"203 ? 204","200","","5.025917949424814","203.0","204.0","5.025917949424814","0","1","1","1"
"303 ? 259","201","","4.742150224749373","303.0","259.0","4.742150224749373","0","1","1","1"
"259 ? 205","202","","4.71311368542058","259.0","205.0","4.71311368542058","0","1","1","1"
"208 ? 1","203","","3.0711751008172854","208.0","1.0","3.0711751008172854","0","1","1","1"
"209 ? 208","204","","2.331308945797812","209.0","208.0","2.331308945797812","0","1","1","1"
"210 ? 209","205","","2.751034175954757","210.0","209.0","2.751034175954757","0","1","1","1"
"211 ? 210","206","","2.650933117632443","211.0","210.0","2.650933117632443","0","1","1","1"
"212 ? 211","207","","3.4609813346068643","212.0","211.0","3.4609813346068643","0","1","1","1"
"213 ? 212","208","","2.5633148204255787","213.0","212.0","2.5633148204255787","0","1","1","1"
"214 ? 213","209","","2.6897280307619518","214.0","213.0","2.6897280307619518","0","1","1","1"
"215 ? 214","210","","3.727759626083062","215.0","214.0","3.727759626083062","0","1","1","1"
"216 ? 215","211","","4.451111356939131","216.0","215.0","4.451111356939131","0","1","1","1"
"217 ? 216","212","","7.709629304128035","217.0","216.0","7.709629304128035","0","1","1","1"
"218 ? 217","213","","9.137646182216319","218.0","217.0","9.137646182216319","0","1","1","1"
"219 ? 218","214","","5.827198215748741","219.0","218.0","5.827198215748741","0","1","1","1"
"220 ? 219","215","","3.364804728660798","220.0","219.0","3.364804728660798","0","1","1","1"
"221 ? 220","216","","6.618398649515282","221.0","220.0","6.618398649515282","0","1","1","1"
"222 ? 221","217","","0.0","222.0","221.0","0.0","0","1","1","1"
"223 ? 222","218","","4.11658659987283","223.0","222.0","4.11658659987283","0","1","1","1"
"224 ? 223","219","","5.403881825287389","224.0","223.0","5.403881825287389","0","1","1","1"
"225 ? 224","220","","2.4492350064153214","225.0","224.0","2.4492350064153214","0","1","1","1"
"226 ? 225","221","","3.3826663088427247","226.0","225.0","3.3826663088427247","0","1","1","1"
"227 ? 226","222","","3.018278738453439","227.0","226.0","3.018278738453439","0","1","1","1"
"228 ? 227","223","","7.114717236234991","228.0","227.0","7.114717236234991","0","1","1","1"
"229 ? 228","224","","5.541074539240876","229.0","228.0","5.541074539240876","0","1","1","1"
"230 ? 229","225","","8.370563840440848","230.0","229.0","8.370563840440848","0","1","1","1"
"231 ? 230","226","","5.341848778410482","231.0","230.0","5.341848778410482","0","1","1","1"
"232 ? 231","227","","5.640026289404411","232.0","231.0","5.640026289404411","0","1","1","1"
"233 ? 232","228","","7.111357562450814","233.0","232.0","7.111357562450814","0","1","1","1"
"234 ? 233","229","","5.47414316324549","234.0","233.0","5.47414316324549","0","1","1","1"
"235 ? 234","230","","3.394620564459846","235.0","234.0","3.394620564459846","0","1","1","1"
"236 ? 235","231","","4.8144268407519","236.0","235.0","4.8144268407519","0","1","1","1"
"237 ? 236","232","","3.630527851236088","237.0","236.0","3.630527851236088","0","1","1","1"
"238 ? 237","233","","1.7307416647801066","238.0","237.0","1.7307416647801066","0","1","1","1"
"239 ? 238","234","","0.6635325046358389","239.0","238.0","0.6635325046358389","0","1","1","1"
"240 ? 239","235","","0.0","240.0","239.0","0.0","0","1","1","1"
"241 ? 240","236","","5.594914132272005","241.0","240.0","5.594914132272005","0","1","1","1"
"242 ? 241","237","","6.89351273156923","242.0","241.0","6.89351273156923","0","1","1","1"
"243 ? 242","238","","1.453150924177796","243.0","242.0","1.453150924177796","0","1","1","1"
"244 ? 243","239","","5.217771344213079","244.0","243.0","5.217771344213079","0","1","1","1"
"245 ? 244","240","","6.694279190160485","245.0","244.0","6.694279190160485","0","1","1","1"
"246 ? 245","241","","7.116642029624424","246.0","245.0","7.116642029624424","0","1","1","1"
"247 ? 246","242","","6.8387509251849234","247.0","246.0","6.8387509251849234","0","1","1","1"
"248 ? 247","243","","7.509290095325228","248.0","247.0","7.509290095325228","0","1","1","1"
"249 ? 248","244","","8.73411818687541","249.0","248.0","8.73411818687541","0","1","1","1"
"250 ? 249","245","","9.337328657449204","250.0","249.0","9.337328657449204","0","1","1","1"
"251 ? 250","246","","7.317881069681886","251.0","250.0","7.317881069681886","0","1","1","1"
"252 ? 251","247","","6.374017570289763","252.0","251.0","6.374017570289763","0","1","1","1"
"253 ? 252","248","","6.400465889582797","253.0","252.0","6.400465889582797","0","1","1","1"
"254 ? 253","249","","7.442503785630163","254.0","253.0","7.442503785630163","0","1","1","1"
"255 ? 254","250","","6.281916149273618","255.0","254.0","6.281916149273618","0","1","1","1"
"256 ? 255","251","","5.9802060078662596","256.0","255.0","5.9802060078662596","0","1","1","1"
"257 ? 256","252","","5.98444178174726","257.0","256.0","5.98444178174726","0","1","1","1"
"258 ? 257","253","","4.759596153386506","258.0","257.0","4.759596153386506","0","1","1","1"
"304 ? 303","254","","2.522247960203076","304.0","303.0","2.522247960203076","0","1","1","1"
"261 ? 260","255","","3.106910868565779","261.0","260.0","3.106910868565779","0","1","1","1"
"262 ? 261","256","","2.8473544622428735","262.0","261.0","2.8473544622428735","0","1","1","1"
"263 ? 262","257","","1.4173060511870788","263.0","262.0","1.4173060511870788","0","1","1","1"
"264 ? 263","258","","5.32580327251893","264.0","263.0","5.32580327251893","0","1","1","1"
"265 ? 264","259","","3.277579901723626","265.0","264.0","3.277579901723626","0","1","1","1"
"266 ? 265","260","","3.950714351156727","266.0","265.0","3.950714351156727","0","1","1","1"
"267 ? 266","261","","2.7970391480516095","267.0","266.0","2.7970391480516095","0","1","1","1"
"268 ? 267","262","","2.8970242527465473","268.0","267.0","2.8970242527465473","0","1","1","1"
"269 ? 268","263","","4.9709612719022305","269.0","268.0","4.9709612719022305","0","1","1","1"
"270 ? 269","264","","9.130641028591356","270.0","269.0","9.130641028591356","0","1","1","1"
"271 ? 270","265","","8.92860067313311","271.0","270.0","8.92860067313311","0","1","1","1"
"272 ? 271","266","","6.505258218216163","272.0","271.0","6.505258218216163","0","1","1","1"
"273 ? 272","267","","2.553664729557389","273.0","272.0","2.553664729557389","0","1","1","1"
"274 ? 273","268","","4.6099481050580104","274.0","273.0","4.6099481050580104","0","1","1","1"
"275 ? 274","269","","2.5462661317080344","275.0","274.0","2.5462661317080344","0","1","1","1"
"276 ? 275","270","","2.402467507454519","276.0","275.0","2.402467507454519","0","1","1","1"
"277 ? 276","271","","3.326134899610445","277.0","276.0","3.326134899610445","0","1","1","1"
"278 ? 277","272","","2.282945572687889","278.0","277.0","2.282945572687889","0","1","1","1"
"279 ? 278","273","","4.146957694880137","279.0","278.0","4.146957694880137","0","1","1","1"
"280 ? 279","274","","2.1818518733310994","280.0","279.0","2.1818518733310994","0","1","1","1"
"281 ? 280","275","","4.660171081398118","281.0","280.0","4.660171081398118","0","1","1","1"
"282 ? 281","276","","7.5339259184551315","282.0","281.0","7.5339259184551315","0","1","1","1"
"283 ? 282","277","","7.645141329724267","283.0","282.0","7.645141329724267","0","1","1","1"
"284 ? 283","278","","4.176830391465","284.0","283.0","4.176830391465","0","1","1","1"
"285 ? 284","279","","7.523490157271247","285.0","284.0","7.523490157271247","0","1","1","1"
"286 ? 285","280","","6.639073378877525","286.0","285.0","6.639073378877525","0","1","1","1"
"287 ? 286","281","","6.303558794040237","287.0","286.0","6.303558794040237","0","1","1","1"
"288 ? 287","282","","3.7790105906525713","288.0","287.0","3.7790105906525713","0","1","1","1"
"289 ? 288","283","","4.606282141770443","289.0","288.0","4.606282141770443","0","1","1","1"
"290 ? 289","284","","2.0542909509674723","290.0","289.0","2.0542909509674723","0","1","1","1"
"291 ? 290","285","","2.0779541650772027","291.0","290.0","2.0779541650772027","0","1","1","1"
"292 ? 291","286","","2.804111107836418","292.0","291.0","2.804111107836418","0","1","1","1"
"293 ? 292","287","","2.2629928831669193","293.0","292.0","2.2629928831669193","0","1","1","1"
"294 ? 293","288","","6.908200630462111","294.0","293.0","6.908200630462111","0","1","1","1"
"295 ? 294","289","","5.854593408613353","295.0","294.0","5.854593408613353","0","1","1","1"
"296 ? 295","290","","2.9487932275460653","296.0","295.0","2.9487932275460653","0","1","1","1"
"297 ? 296","291","","5.6176125281300004","297.0","296.0","5.6176125281300004","0","1","1","1"
"298 ? 297","292","","7.305109136041123","298.0","297.0","7.305109136041123","0","1","1","1"
"299 ? 298","293","","6.9365683366283335","299.0","298.0","6.9365683366283335","0","1","1","1"
"300 ? 299","294","","7.571471285026162","300.0","299.0","7.571471285026162","0","1","1","1"
"301 ? 300","295","","7.38107445853147","301.0","300.0","7.38107445853147","0","1","1","1"
"302 ? 301","296","","8.37868662061122","302.0","301.0","8.37868662061122","0","1","1","1"
"524 ? 304","297","","8.143454785816227","524.0","304.0","8.143454785816227","0","1","1","1"
"755 ? 524","298","","6.703973778273951","755.0","524.0","6.703973778273951","0","1","1","1"
"306 ? 305","299","","6.525896665081251","306.0","305.0","6.525896665081251","0","1","1","1"
"307 ? 306","300","","9.323942674248503","307.0","306.0","9.323942674248503","0","1","1","1"
"308 ? 307","301","","2.626471639238958","308.0","307.0","2.626471639238958","0","1","1","1"
"309 ? 308","302","","4.284512371646746","309.0","308.0","4.284512371646746","0","1","1","1"
"310 ? 309","303","","6.307276800625169","310.0","309.0","6.307276800625169","0","1","1","1"
"311 ? 310","304","","6.742163427689026","311.0","310.0","6.742163427689026","0","1","1","1"
"312 ? 311","305","","4.879471625717187","312.0","311.0","4.879471625717187","0","1","1","1"
"313 ? 312","306","","3.3474855499447442","313.0","312.0","3.3474855499447442","0","1","1","1"
"314 ? 313","307","","4.743747870487583","314.0","313.0","4.743747870487583","0","1","1","1"
"315 ? 314","308","","5.325724977616249","315.0","314.0","5.325724977616249","0","1","1","1"
"316 ? 315","309","","2.799196816575944","316.0","315.0","2.799196816575944","0","1","1","1"
"317 ? 316","310","","7.94029223823506","317.0","316.0","7.94029223823506","0","1","1","1"
"318 ? 317","311","","9.979420512022926","318.0","317.0","9.979420512022926","0","1","1","1"
"319 ? 318","312","","5.641109769944071","319.0","318.0","5.641109769944071","0","1","1","1"
"320 ? 319","313","","8.556740483971609","320.0","319.0","8.556740483971609","0","1","1","1"
"321 ? 320","314","","3.857987488770549","321.0","320.0","3.857987488770549","0","1","1","1"
"322 ? 321","315","","3.3626327876127053","322.0","321.0","3.3626327876127053","0","1","1","1"
"323 ? 322","316","","6.566534686063707","323.0","322.0","6.566534686063707","0","1","1","1"
"324 ? 323","317","","4.840604779420039","324.0","323.0","4.840604779420039","0","1","1","1"
"325 ? 324","318","","4.174453916648456","325.0","324.0","4.174453916648456","0","1","1","1"
"326 ? 325","319","","2.955335658615758","326.0","325.0","2.955335658615758","0","1","1","1"
"327 ? 326","320","","2.3951860459574945","327.0","326.0","2.3951860459574945","0","1","1","1"
"328 ? 327","321","","2.0084913299668257","328.0","327.0","2.0084913299668257","0","1","1","1"
"329 ? 328","322","","2.545939329926392","329.0","328.0","2.545939329926392","0","1","1","1"
"330 ? 329","323","","5.836355387717911","330.0","329.0","5.836355387717911","0","1","1","1"
"331 ? 330","324","","2.4132617361966195","331.0","330.0","2.4132617361966195","0","1","1","1"
"332 ? 331","325","","3.3874172071445443","332.0","331.0","3.3874172071445443","0","1","1","1"
"333 ? 332","326","","1.9697440806604651","333.0","332.0","1.9697440806604651","0","1","1","1"
"334 ? 333","327","","4.945255387286556","334.0","333.0","4.945255387286556","0","1","1","1"
"335 ? 334","328","","9.0444055415653","335.0","334.0","9.0444055415653","0","1","1","1"
"336 ? 335","329","","8.10084478371868","336.0","335.0","8.10084478371868","0","1","1","1"
"337 ? 336","330","","7.33602101842695","337.0","336.0","7.33602101842695","0","1","1","1"
"338 ? 337","331","","0.9848720403302379","338.0","337.0","0.9848720403302379","0","1","1","1"
"339 ? 338","332","","5.501803801140061","339.0","338.0","5.501803801140061","0","1","1","1"
"340 ? 339","333","","2.1087747627455644","340.0","339.0","2.1087747627455644","0","1","1","1"
"341 ? 340","334","","1.4744752524036568","341.0","340.0","1.4744752524036568","0","1","1","1"
"342 ? 341","335","","3.4728815730618154","342.0","341.0","3.4728815730618154","0","1","1","1"
"343 ? 342","336","","2.4875205293035223","343.0","342.0","2.4875205293035223","0","1","1","1"
"344 ? 343","337","","2.384543613458756","344.0","343.0","2.384543613458756","0","1","1","1"
"345 ? 344","338","","1.9441064053834953","345.0","344.0","1.9441064053834953","0","1","1","1"
"346 ? 345","339","","5.486872875261216","346.0","345.0","5.486872875261216","0","1","1","1"
"347 ? 346","340","","6.277426826021102","347.0","346.0","6.277426826021102","0","1","1","1"
"348 ? 347","341","","7.775784624524012","348.0","347.0","7.775784624524012","0","1","1","1"
"349 ? 348","342","","5.5911481948815505","349.0","348.0","5.5911481948815505","0","1","1","1"
"350 ? 349","343","","6.136243373826417","350.0","349.0","6.136243373826417","0","1","1","1"
"351 ? 350","344","","7.869907018151475","351.0","350.0","7.869907018151475","0","1","1","1"
"352 ? 351","345","","8.17610092581325","352.0","351.0","8.17610092581325","0","1","1","1"
"353 ? 352","346","","5.501070292962332","353.0","352.0","5.501070292962332","0","1","1","1"
"354 ? 353","347","","3.4223904194951476","354.0","353.0","3.4223904194951476","0","1","1","1"
"355 ? 354","348","","2.2855939434083754","355.0","354.0","2.2855939434083754","0","1","1","1"
"356 ? 357","349","","2.1371682299989545","356.0","357.0","2.1371682299989545","0","1","1","1"
"357 ? 358","350","","3.5991307825910983","357.0","358.0","3.5991307825910983","0","1","1","1"
"358 ? 359","351","","4.048538259641467","358.0","359.0","4.048538259641467","0","1","1","1"
"359 ? 360","352","","7.107955866766012","359.0","360.0","7.107955866766012","0","1","1","1"
"360 ? 361","353","","6.862507617696082","360.0","361.0","6.862507617696082","0","1","1","1"
"361 ? 362","354","","6.131460926960468","361.0","362.0","6.131460926960468","0","1","1","1"
"362 ? 363","355","","5.595240181376712","362.0","363.0","5.595240181376712","0","1","1","1"
"363 ? 364","356","","7.157733523993815","363.0","364.0","7.157733523993815","0","1","1","1"
"364 ? 365","357","","6.139147358559314","364.0","365.0","6.139147358559314","0","1","1","1"
"365 ? 366","358","","4.147073550836474","365.0","366.0","4.147073550836474","0","1","1","1"
"366 ? 367","359","","2.8769918841119204","366.0","367.0","2.8769918841119204","0","1","1","1"
"367 ? 368","360","","2.22789575376709","367.0","368.0","2.22789575376709","0","1","1","1"
"368 ? 369","361","","2.497440012906085","368.0","369.0","2.497440012906085","0","1","1","1"
"369 ? 370","362","","3.698643417441506","369.0","370.0","3.698643417441506","0","1","1","1"
"370 ? 371","363","","2.0069618842349914","370.0","371.0","2.0069618842349914","0","1","1","1"
"371 ? 372","364","","2.248889080794135","371.0","372.0","2.248889080794135","0","1","1","1"
"372 ? 373","365","","6.286501818906155","372.0","373.0","6.286501818906155","0","1","1","1"
"373 ? 374","366","","1.6301391504789462","373.0","374.0","1.6301391504789462","0","1","1","1"
"374 ? 375","367","","6.792957477028241","374.0","375.0","6.792957477028241","0","1","1","1"
"375 ? 376","368","","6.578149791292329","375.0","376.0","6.578149791292329","0","1","1","1"
"376 ? 377","369","","8.927333641398544","376.0","377.0","8.927333641398544","0","1","1","1"
"377 ? 378","370","","3.532118174021977","377.0","378.0","3.532118174021977","0","1","1","1"
"378 ? 379","371","","1.2268375677563137","378.0","379.0","1.2268375677563137","0","1","1","1"
"379 ? 380","372","","3.7357278282080837","379.0","380.0","3.7357278282080837","0","1","1","1"
"380 ? 381","373","","0.5172801377562031","380.0","381.0","0.5172801377562031","0","1","1","1"
"381 ? 382","374","","4.2392269337216595","381.0","382.0","4.2392269337216595","0","1","1","1"
"382 ? 383","375","","5.1075583436210374","382.0","383.0","5.1075583436210374","0","1","1","1"
"383 ? 384","376","","1.5732461198053393","383.0","384.0","1.5732461198053393","0","1","1","1"
"384 ? 385","377","","2.210354619759168","384.0","385.0","2.210354619759168","0","1","1","1"
"385 ? 386","378","","3.5390118608586345","385.0","386.0","3.5390118608586345","0","1","1","1"
"386 ? 387","379","","2.5756068077632706","386.0","387.0","2.5756068077632706","0","1","1","1"
"387 ? 388","380","","4.185479364369659","387.0","388.0","4.185479364369659","0","1","1","1"
"388 ? 389","381","","6.684921100078169","388.0","389.0","6.684921100078169","0","1","1","1"
"389 ? 390","382","","3.1935390861916826","389.0","390.0","3.1935390861916826","0","1","1","1"
"390 ? 391","383","","5.562264998948862","390.0","391.0","5.562264998948862","0","1","1","1"
"391 ? 392","384","","7.799031542492767","391.0","392.0","7.799031542492767","0","1","1","1"
"392 ? 393","385","","8.0047652775921","392.0","393.0","8.0047652775921","0","1","1","1"
"393 ? 112","386","","10.061003101757064","393.0","112.0","10.061003101757064","0","1","1","1"
"394 ? 395","387","","2.0447292795938985","394.0","395.0","2.0447292795938985","0","1","1","1"
"395 ? 396","388","","3.66228511689933","395.0","396.0","3.66228511689933","0","1","1","1"
"396 ? 397","389","","4.831795230037279","396.0","397.0","4.831795230037279","0","1","1","1"
"397 ? 398","390","","7.190938164260402","397.0","398.0","7.190938164260402","0","1","1","1"
"398 ? 399","391","","6.000237611533895","398.0","399.0","6.000237611533895","0","1","1","1"
"399 ? 400","392","","7.072273183006293","399.0","400.0","7.072273183006293","0","1","1","1"
"400 ? 401","393","","4.786588523261747","400.0","401.0","4.786588523261747","0","1","1","1"
"401 ? 402","394","","6.598401130647541","401.0","402.0","6.598401130647541","0","1","1","1"
"402 ? 403","395","","6.66121369658681","402.0","403.0","6.66121369658681","0","1","1","1"
"403 ? 404","396","","5.007252039159282","403.0","404.0","5.007252039159282","0","1","1","1"
"404 ? 405","397","","1.573246119805339","404.0","405.0","1.573246119805339","0","1","1","1"
"405 ? 406","398","","2.0447292795939123","405.0","406.0","2.0447292795939123","0","1","1","1"
"406 ? 407","399","","1.6861269591117702","406.0","407.0","1.6861269591117702","0","1","1","1"
"407 ? 408","400","","3.3947803591733883","407.0","408.0","3.3947803591733883","0","1","1","1"
"408 ? 409","401","","1.4744752524037001","408.0","409.0","1.4744752524037001","0","1","1","1"
"409 ? 410","402","","2.405491690347471","409.0","410.0","2.405491690347471","0","1","1","1"
"410 ? 411","403","","4.456174352939819","410.0","411.0","4.456174352939819","0","1","1","1"
"411 ? 412","404","","1.90542217901881","411.0","412.0","1.90542217901881","0","1","1","1"
"412 ? 413","405","","5.687528050892617","412.0","413.0","5.687528050892617","0","1","1","1"
"413 ? 414","406","","7.787170998528452","413.0","414.0","7.787170998528452","0","1","1","1"
"414 ? 415","407","","7.825718660095795","414.0","415.0","7.825718660095795","0","1","1","1"
"415 ? 416","408","","4.1260995371956435","415.0","416.0","4.1260995371956435","0","1","1","1"
"416 ? 417","409","","3.6588627545349066","416.0","417.0","3.6588627545349066","0","1","1","1"
"417 ? 418","410","","3.8398095603649","417.0","418.0","3.8398095603649","0","1","1","1"
"418 ? 419","411","","1.287803403881642","418.0","419.0","1.287803403881642","0","1","1","1"
"419 ? 420","412","","5.36906973381884","419.0","420.0","5.36906973381884","0","1","1","1"
"420 ? 421","413","","0.9144307329512364","420.0","421.0","0.9144307329512364","0","1","1","1"
"421 ? 422","414","","3.617763163099518","421.0","422.0","3.617763163099518","0","1","1","1"
"422 ? 423","415","","2.2359092791942436","422.0","423.0","2.2359092791942436","0","1","1","1"
"423 ? 424","416","","1.6861269591117465","423.0","424.0","1.6861269591117465","0","1","1","1"
"424 ? 425","417","","3.5931426703161553","424.0","425.0","3.5931426703161553","0","1","1","1"
"425 ? 426","418","","3.4018789726652177","425.0","426.0","3.4018789726652177","0","1","1","1"
"426 ? 427","419","","4.525919307605739","426.0","427.0","4.525919307605739","0","1","1","1"
"427 ? 428","420","","2.103506642017058","427.0","428.0","2.103506642017058","0","1","1","1"
"428 ? 429","421","","4.604955506590191","428.0","429.0","4.604955506590191","0","1","1","1"
"429 ? 430","422","","6.964096983185421","429.0","430.0","6.964096983185421","0","1","1","1"
"430 ? 431","423","","5.820266221054266","430.0","431.0","5.820266221054266","0","1","1","1"
"431 ? 432","424","","10.45014706292518","431.0","432.0","10.45014706292518","0","1","1","1"
"434 ? 433","425","","1.066400323001327","434.0","433.0","1.066400323001327","0","1","1","1"
"435 ? 434","426","","2.76756959420175","435.0","434.0","2.76756959420175","0","1","1","1"
"436 ? 435","427","","4.57215366475619","436.0","435.0","4.57215366475619","0","1","1","1"
"433 ? 437","428","","2.4604814596432223","433.0","437.0","2.4604814596432223","0","1","1","1"
"437 ? 438","429","","3.3122089876090777","437.0","438.0","3.3122089876090777","0","1","1","1"
"438 ? 439","430","","2.5407355479513245","438.0","439.0","2.5407355479513245","0","1","1","1"
"439 ? 440","431","","3.252372529682483","439.0","440.0","3.252372529682483","0","1","1","1"
"440 ? 441","432","","6.306258032208496","440.0","441.0","6.306258032208496","0","1","1","1"
"441 ? 442","433","","0.0","441.0","442.0","0.0","0","1","1","1"
"442 ? 443","434","","9.463214388651089","442.0","443.0","9.463214388651089","0","1","1","1"
"443 ? 444","435","","8.222926093983016","443.0","444.0","8.222926093983016","0","1","1","1"
"444 ? 445","436","","9.875851915873321","444.0","445.0","9.875851915873321","0","1","1","1"
"445 ? 446","437","","6.147804254734431","445.0","446.0","6.147804254734431","0","1","1","1"
"446 ? 447","438","","3.1571043852175253","446.0","447.0","3.1571043852175253","0","1","1","1"
"447 ? 448","439","","3.4940349246021536","447.0","448.0","3.4940349246021536","0","1","1","1"
"448 ? 449","440","","1.226837567756326","448.0","449.0","1.226837567756326","0","1","1","1"
"449 ? 450","441","","1.331431244404053","449.0","450.0","1.331431244404053","0","1","1","1"
"450 ? 451","442","","2.3736247718960732","450.0","451.0","2.3736247718960732","0","1","1","1"
"451 ? 452","443","","0.0","451.0","452.0","0.0","0","1","1","1"
"452 ? 453","444","","3.54446487023919","452.0","453.0","3.54446487023919","0","1","1","1"
"454 ? 436","445","","6.046316686858991","454.0","436.0","6.046316686858991","0","1","1","1"
"455 ? 454","446","","5.695956665582198","455.0","454.0","5.695956665582198","0","1","1","1"
"456 ? 455","447","","4.0677635784721735","456.0","455.0","4.0677635784721735","0","1","1","1"
"457 ? 456","448","","8.284112990044713","457.0","456.0","8.284112990044713","0","1","1","1"
"458 ? 457","449","","5.610164828270761","458.0","457.0","5.610164828270761","0","1","1","1"
"459 ? 458","450","","5.954341539709221","459.0","458.0","5.954341539709221","0","1","1","1"
"460 ? 459","451","","3.19920096900408","460.0","459.0","3.19920096900408","0","1","1","1"
"461 ? 460","452","","4.720890796469863","461.0","460.0","4.720890796469863","0","1","1","1"
"462 ? 461","453","","2.9771707698545993","462.0","461.0","2.9771707698545993","0","1","1","1"
"463 ? 462","454","","2.576358892288325","463.0","462.0","2.576358892288325","0","1","1","1"
"465 ? 464","455","","4.5721536647561605","465.0","464.0","4.5721536647561605","0","1","1","1"
"464 ? 466","456","","6.22663498434818","464.0","466.0","6.22663498434818","0","1","1","1"
"466 ? 467","457","","6.038392545602003","466.0","467.0","6.038392545602003","0","1","1","1"
"467 ? 468","458","","3.6028780430800413","467.0","468.0","3.6028780430800413","0","1","1","1"
"468 ? 469","459","","2.384543613458761","468.0","469.0","2.384543613458761","0","1","1","1"
"469 ? 470","460","","4.281254927333445","469.0","470.0","4.281254927333445","0","1","1","1"
"470 ? 471","461","","2.653521550536397","470.0","471.0","2.653521550536397","0","1","1","1"
"471 ? 472","462","","3.36053806374163","471.0","472.0","3.36053806374163","0","1","1","1"
"472 ? 473","463","","2.3133471028664574","472.0","473.0","2.3133471028664574","0","1","1","1"
"473 ? 474","464","","3.7553923015873742","473.0","474.0","3.7553923015873742","0","1","1","1"
"474 ? 475","465","","6.675263579269422","474.0","475.0","6.675263579269422","0","1","1","1"
"475 ? 476","466","","2.132800646002751","475.0","476.0","2.132800646002751","0","1","1","1"
"476 ? 477","467","","4.572153664756164","476.0","477.0","4.572153664756164","0","1","1","1"
"477 ? 478","468","","11.252872286812332","477.0","478.0","11.252872286812332","0","1","1","1"
"478 ? 479","469","","5.728162279907168","478.0","479.0","5.728162279907168","0","1","1","1"
"479 ? 480","470","","6.079417208019616","479.0","480.0","6.079417208019616","0","1","1","1"
"480 ? 481","471","","3.4481519349076537","480.0","481.0","3.4481519349076537","0","1","1","1"
"481 ? 482","472","","1.400270815068374","481.0","482.0","1.400270815068374","0","1","1","1"
"482 ? 483","473","","2.2022408313172863","482.0","483.0","2.2022408313172863","0","1","1","1"
"483 ? 484","474","","3.0312770899099286","483.0","484.0","3.0312770899099286","0","1","1","1"
"484 ? 485","475","","4.491871390848616","484.0","485.0","4.491871390848616","0","1","1","1"
"485 ? 486","476","","1.9973018761628454","485.0","486.0","1.9973018761628454","0","1","1","1"
"486 ? 487","477","","2.4057084055910685","486.0","487.0","2.4057084055910685","0","1","1","1"
"487 ? 488","478","","1.4283864671342676","487.0","488.0","1.4283864671342676","0","1","1","1"
"488 ? 489","479","","1.6861269591117614","488.0","489.0","1.6861269591117614","0","1","1","1"
"489 ? 490","480","","3.441734939738156","489.0","490.0","3.441734939738156","0","1","1","1"
"490 ? 491","481","","6.143342837566135","490.0","491.0","6.143342837566135","0","1","1","1"
"491 ? 492","482","","2.9489505048073323","491.0","492.0","2.9489505048073323","0","1","1","1"
"492 ? 493","483","","4.575809925768101","492.0","493.0","4.575809925768101","0","1","1","1"
"493 ? 494","484","","7.845866012966566","493.0","494.0","7.845866012966566","0","1","1","1"
"494 ? 495","485","","6.808143180691731","494.0","495.0","6.808143180691731","0","1","1","1"
"495 ? 496","486","","10.734341866523428","495.0","496.0","10.734341866523428","0","1","1","1"
"496 ? 497","487","","4.116534156820964","496.0","497.0","4.116534156820964","0","1","1","1"
"27 ? 499","488","","9.5268814366503","27.0","499.0","9.5268814366503","0","1","1","1"
"499 ? 934","489","","5.565431002734673","499.0","934.0","5.565431002734673","0","1","1","1"
"633 ? 522","490","","7.896036172977567","633.0","522.0","7.896036172977567","0","1","1","1"
"522 ? 523","491","","3.146598666839174","522.0","523.0","3.146598666839174","0","1","1","1"
"505 ? 504","492","","5.146009743460375","505.0","504.0","5.146009743460375","0","1","1","1"
"506 ? 505","493","","4.98839105017937","506.0","505.0","4.98839105017937","0","1","1","1"
"507 ? 506","494","","6.746583312390477","507.0","506.0","6.746583312390477","0","1","1","1"
"508 ? 507","495","","5.964937175417077","508.0","507.0","5.964937175417077","0","1","1","1"
"509 ? 508","496","","4.6844888043881605","509.0","508.0","4.6844888043881605","0","1","1","1"
"510 ? 509","497","","3.3536677005856905","510.0","509.0","3.3536677005856905","0","1","1","1"
"511 ? 510","498","","2.312352872883204","511.0","510.0","2.312352872883204","0","1","1","1"
"512 ? 511","499","","3.4778194369895363","512.0","511.0","3.4778194369895363","0","1","1","1"
"513 ? 512","500","","2.0836306930831126","513.0","512.0","2.0836306930831126","0","1","1","1"
"514 ? 513","501","","0.0","514.0","513.0","0.0","0","1","1","1"
"515 ? 514","502","","6.893103988552742","515.0","514.0","6.893103988552742","0","1","1","1"
"516 ? 515","503","","5.390551719751091","516.0","515.0","5.390551719751091","0","1","1","1"
"517 ? 516","504","","2.6952758598755535","517.0","516.0","2.6952758598755535","0","1","1","1"
"518 ? 517","505","","5.051532549729729","518.0","517.0","5.051532549729729","0","1","1","1"
"519 ? 518","506","","5.9807544988612955","519.0","518.0","5.9807544988612955","0","1","1","1"
"520 ? 519","507","","7.448944074526813","520.0","519.0","7.448944074526813","0","1","1","1"
"580 ? 500","508","","2.7494576779228437","580.0","500.0","2.7494576779228437","0","1","1","1"
"500 ? 501","509","","3.2776232072871943","500.0","501.0","3.2776232072871943","0","1","1","1"
"501 ? 502","510","","5.113205249149872","501.0","502.0","5.113205249149872","0","1","1","1"
"502 ? 503","511","","5.71101380368192","502.0","503.0","5.71101380368192","0","1","1","1"
"503 ? 521","512","","4.952890291120195","503.0","521.0","4.952890291120195","0","1","1","1"
"525 ? 526","513","","3.167047379385879","525.0","526.0","3.167047379385879","0","1","1","1"
"526 ? 527","514","","4.263768022499087","526.0","527.0","4.263768022499087","0","1","1","1"
"527 ? 528","515","","4.484578416221154","527.0","528.0","4.484578416221154","0","1","1","1"
"528 ? 529","516","","6.821024503601888","528.0","529.0","6.821024503601888","0","1","1","1"
"529 ? 530","517","","6.9299958818512595","529.0","530.0","6.9299958818512595","0","1","1","1"
"530 ? 531","518","","7.2969279929594855","530.0","531.0","7.2969279929594855","0","1","1","1"
"531 ? 532","519","","4.644597045071581","531.0","532.0","4.644597045071581","0","1","1","1"
"532 ? 533","520","","7.830582914610713","532.0","533.0","7.830582914610713","0","1","1","1"
"533 ? 534","521","","6.317602301125991","533.0","534.0","6.317602301125991","0","1","1","1"
"534 ? 535","522","","4.80076134799398","534.0","535.0","4.80076134799398","0","1","1","1"
"535 ? 536","523","","2.5037707941317127","535.0","536.0","2.5037707941317127","0","1","1","1"
"536 ? 537","524","","2.163424016663732","536.0","537.0","2.163424016663732","0","1","1","1"
"537 ? 538","525","","3.494316991434859","537.0","538.0","3.494316991434859","0","1","1","1"
"538 ? 539","526","","3.487621607783445","538.0","539.0","3.487621607783445","0","1","1","1"
"539 ? 540","527","","1.1197203391514339","539.0","540.0","1.1197203391514339","0","1","1","1"
"540 ? 541","528","","3.3038168515912165","540.0","541.0","3.3038168515912165","0","1","1","1"
"541 ? 542","529","","6.099801348381941","541.0","542.0","6.099801348381941","0","1","1","1"
"542 ? 543","530","","0.0","542.0","543.0","0.0","0","1","1","1"
"543 ? 544","531","","5.684614172166488","543.0","544.0","5.684614172166488","0","1","1","1"
"544 ? 545","532","","7.344166913892918","544.0","545.0","7.344166913892918","0","1","1","1"
"545 ? 546","533","","8.194749036360886","545.0","546.0","8.194749036360886","0","1","1","1"
"546 ? 547","534","","4.787400043198218","546.0","547.0","4.787400043198218","0","1","1","1"
"547 ? 548","535","","4.355323799615934","547.0","548.0","4.355323799615934","0","1","1","1"
"548 ? 549","536","","2.891107446469835","548.0","549.0","2.891107446469835","0","1","1","1"
"549 ? 550","537","","1.5528898606704447","549.0","550.0","1.5528898606704447","0","1","1","1"
"550 ? 551","538","","2.6690617560946843","550.0","551.0","2.6690617560946843","0","1","1","1"
"551 ? 552","539","","2.217410120166424","551.0","552.0","2.217410120166424","0","1","1","1"
"552 ? 553","540","","3.540866614134691","552.0","553.0","3.540866614134691","0","1","1","1"
"553 ? 554","541","","1.3590291500315814","553.0","554.0","1.3590291500315814","0","1","1","1"
"554 ? 555","542","","3.078482365514792","554.0","555.0","3.078482365514792","0","1","1","1"
"555 ? 556","543","","3.5874249310873725","555.0","556.0","3.5874249310873725","0","1","1","1"
"556 ? 557","544","","3.643521687014697","556.0","557.0","3.643521687014697","0","1","1","1"
"557 ? 558","545","","5.761789590480991","557.0","558.0","5.761789590480991","0","1","1","1"
"558 ? 559","546","","1.9770745293637007","558.0","559.0","1.9770745293637007","0","1","1","1"
"559 ? 560","547","","4.938103566025884","559.0","560.0","4.938103566025884","0","1","1","1"
"560 ? 561","548","","8.392466119907464","560.0","561.0","8.392466119907464","0","1","1","1"
"561 ? 562","549","","6.275693220541862","561.0","562.0","6.275693220541862","0","1","1","1"
"562 ? 563","550","","10.22752862848434","562.0","563.0","10.22752862848434","0","1","1","1"
"563 ? 564","551","","6.680013750852883","563.0","564.0","6.680013750852883","0","1","1","1"
"564 ? 565","552","","4.374964185208786","564.0","565.0","4.374964185208786","0","1","1","1"
"565 ? 566","553","","2.4406410151565088","565.0","566.0","2.4406410151565088","0","1","1","1"
"567 ? 525","554","","2.121045689838091","567.0","525.0","2.121045689838091","0","1","1","1"
"568 ? 567","555","","2.503770794131706","568.0","567.0","2.503770794131706","0","1","1","1"
"569 ? 568","556","","3.8261796883253583","569.0","568.0","3.8261796883253583","0","1","1","1"
"570 ? 569","557","","7.527672274134529","570.0","569.0","7.527672274134529","0","1","1","1"
"571 ? 570","558","","6.015998996349631","571.0","570.0","6.015998996349631","0","1","1","1"
"572 ? 571","559","","3.958809224232353","572.0","571.0","3.958809224232353","0","1","1","1"
"573 ? 572","560","","6.2225370449849065","573.0","572.0","6.2225370449849065","0","1","1","1"
"574 ? 573","561","","7.078992668235845","574.0","573.0","7.078992668235845","0","1","1","1"
"575 ? 574","562","","7.062996637203634","575.0","574.0","7.062996637203634","0","1","1","1"
"576 ? 575","563","","6.54718925805693","576.0","575.0","6.54718925805693","0","1","1","1"
"577 ? 576","564","","8.099816678384157","577.0","576.0","8.099816678384157","0","1","1","1"
"578 ? 577","565","","8.856457720921277","578.0","577.0","8.856457720921277","0","1","1","1"
"579 ? 578","566","","8.527536044998174","579.0","578.0","8.527536044998174","0","1","1","1"
"566 ? 580","567","","5.216464781517383","566.0","580.0","5.216464781517383","0","1","1","1"
"582 ? 581","568","","6.632699632316088","582.0","581.0","6.632699632316088","0","1","1","1"
"581 ? 583","569","","8.978322214006688","581.0","583.0","8.978322214006688","0","1","1","1"
"583 ? 584","570","","8.852166535336753","583.0","584.0","8.852166535336753","0","1","1","1"
"584 ? 585","571","","6.786585543964867","584.0","585.0","6.786585543964867","0","1","1","1"
"585 ? 586","572","","7.706397931380978","585.0","586.0","7.706397931380978","0","1","1","1"
"586 ? 587","573","","6.23138083252484","586.0","587.0","6.23138083252484","0","1","1","1"
"587 ? 588","574","","7.319557975231051","587.0","588.0","7.319557975231051","0","1","1","1"
"588 ? 589","575","","5.458682605192412","588.0","589.0","5.458682605192412","0","1","1","1"
"589 ? 590","576","","3.8597643547219365","589.0","590.0","3.8597643547219365","0","1","1","1"
"590 ? 591","577","","6.002295747651736","590.0","591.0","6.002295747651736","0","1","1","1"
"591 ? 592","578","","6.732030112893194","591.0","592.0","6.732030112893194","0","1","1","1"
"592 ? 593","579","","2.496395900956871","592.0","593.0","2.496395900956871","0","1","1","1"
"593 ? 594","580","","1.8403948390299145","593.0","594.0","1.8403948390299145","0","1","1","1"
"594 ? 595","581","","1.8217608435073511","594.0","595.0","1.8217608435073511","0","1","1","1"
"595 ? 596","582","","1.9298821773609636","595.0","596.0","1.9298821773609636","0","1","1","1"
"596 ? 597","583","","6.02682004079593","596.0","597.0","6.02682004079593","0","1","1","1"
"597 ? 598","584","","4.315347737144406","597.0","598.0","4.315347737144406","0","1","1","1"
"598 ? 599","585","","6.7933089760333445","598.0","599.0","6.7933089760333445","0","1","1","1"
"599 ? 600","586","","7.115368713910766","599.0","600.0","7.115368713910766","0","1","1","1"
"600 ? 601","587","","6.477341116682918","600.0","601.0","6.477341116682918","0","1","1","1"
"601 ? 602","588","","5.628491179432101","601.0","602.0","5.628491179432101","0","1","1","1"
"602 ? 603","589","","7.518326782112594","602.0","603.0","7.518326782112594","0","1","1","1"
"603 ? 604","590","","7.2996909088097555","603.0","604.0","7.2996909088097555","0","1","1","1"
"604 ? 605","591","","3.9083065752058683","604.0","605.0","3.9083065752058683","0","1","1","1"
"605 ? 606","592","","2.746970945640833","605.0","606.0","2.746970945640833","0","1","1","1"
"606 ? 607","593","","4.989957615993099","606.0","607.0","4.989957615993099","0","1","1","1"
"607 ? 608","594","","4.119608897076959","607.0","608.0","4.119608897076959","0","1","1","1"
"608 ? 609","595","","3.878967733867142","608.0","609.0","3.878967733867142","0","1","1","1"
"609 ? 610","596","","1.4987671544324348","609.0","610.0","1.4987671544324348","0","1","1","1"
"610 ? 611","597","","3.3420332965320787","610.0","611.0","3.3420332965320787","0","1","1","1"
"611 ? 612","598","","7.752891871520839","611.0","612.0","7.752891871520839","0","1","1","1"
"612 ? 613","599","","1.9770745293636902","612.0","613.0","1.9770745293636902","0","1","1","1"
"613 ? 614","600","","7.3610871012432195","613.0","614.0","7.3610871012432195","0","1","1","1"
"614 ? 615","601","","10.13949891802194","614.0","615.0","10.13949891802194","0","1","1","1"
"615 ? 616","602","","7.4557221440892345","615.0","616.0","7.4557221440892345","0","1","1","1"
"616 ? 617","603","","4.425633073517495","616.0","617.0","4.425633073517495","0","1","1","1"
"617 ? 618","604","","3.5879764971741333","617.0","618.0","3.5879764971741333","0","1","1","1"
"618 ? 619","605","","2.902885818819162","618.0","619.0","2.902885818819162","0","1","1","1"
"619 ? 620","606","","2.1894840442994123","619.0","620.0","2.1894840442994123","0","1","1","1"
"620 ? 621","607","","3.283247336365465","620.0","621.0","3.283247336365465","0","1","1","1"
"621 ? 622","608","","3.2190169866542493","621.0","622.0","3.2190169866542493","0","1","1","1"
"622 ? 623","609","","2.749457677922842","622.0","623.0","2.749457677922842","0","1","1","1"
"623 ? 624","610","","2.201705704827069","623.0","624.0","2.201705704827069","0","1","1","1"
"624 ? 625","611","","1.670661663313758","624.0","625.0","1.670661663313758","0","1","1","1"
"625 ? 626","612","","3.0899368371993012","625.0","626.0","3.0899368371993012","0","1","1","1"
"626 ? 627","613","","3.187213364444729","626.0","627.0","3.187213364444729","0","1","1","1"
"627 ? 628","614","","4.895835158704671","627.0","628.0","4.895835158704671","0","1","1","1"
"628 ? 629","615","","3.625017149393572","628.0","629.0","3.625017149393572","0","1","1","1"
"629 ? 630","616","","5.598601695757092","629.0","630.0","5.598601695757092","0","1","1","1"
"630 ? 631","617","","7.080195306861922","630.0","631.0","7.080195306861922","0","1","1","1"
"631 ? 632","618","","6.925371522252241","631.0","632.0","6.925371522252241","0","1","1","1"
"632 ? 633","619","","12.053640081591809","632.0","633.0","12.053640081591809","0","1","1","1"
"634 ? 582","620","","5.04968973931475","634.0","582.0","5.04968973931475","0","1","1","1"
"635 ? 634","621","","6.819109303152785","635.0","634.0","6.819109303152785","0","1","1","1"
"636 ? 635","622","","6.5325803508717915","636.0","635.0","6.5325803508717915","0","1","1","1"
"637 ? 636","623","","5.036163260540572","637.0","636.0","5.036163260540572","0","1","1","1"
"638 ? 637","624","","10.816833598771295","638.0","637.0","10.816833598771295","0","1","1","1"
"639 ? 640","625","","4.83520328191965","639.0","640.0","4.83520328191965","0","1","1","1"
"640 ? 641","626","","2.6035206953841823","640.0","641.0","2.6035206953841823","0","1","1","1"
"641 ? 642","627","","6.809822107968453","641.0","642.0","6.809822107968453","0","1","1","1"
"642 ? 643","628","","6.571068035077448","642.0","643.0","6.571068035077448","0","1","1","1"
"643 ? 644","629","","7.363236771639915","643.0","644.0","7.363236771639915","0","1","1","1"
"644 ? 645","630","","5.585575399591406","644.0","645.0","5.585575399591406","0","1","1","1"
"645 ? 646","631","","7.611328775781501","645.0","646.0","7.611328775781501","0","1","1","1"
"646 ? 647","632","","6.355395628307482","646.0","647.0","6.355395628307482","0","1","1","1"
"647 ? 648","633","","3.53438688223204","647.0","648.0","3.53438688223204","0","1","1","1"
"648 ? 649","634","","3.6919108958871227","648.0","649.0","3.6919108958871227","0","1","1","1"
"649 ? 650","635","","2.5763588922883556","649.0","650.0","2.5763588922883556","0","1","1","1"
"650 ? 651","636","","2.5911291028393095","650.0","651.0","2.5911291028393095","0","1","1","1"
"651 ? 652","637","","2.950642314173338","651.0","652.0","2.950642314173338","0","1","1","1"
"652 ? 653","638","","1.5605440162815079","652.0","653.0","1.5605440162815079","0","1","1","1"
"653 ? 654","639","","2.8792236738733963","653.0","654.0","2.8792236738733963","0","1","1","1"
"654 ? 655","640","","5.5900420739554315","654.0","655.0","5.5900420739554315","0","1","1","1"
"657 ? 656","641","","9.111331695195606","657.0","656.0","9.111331695195606","0","1","1","1"
"658 ? 657","642","","5.310704463651347","658.0","657.0","5.310704463651347","0","1","1","1"
"659 ? 658","643","","3.4049192056478987","659.0","658.0","3.4049192056478987","0","1","1","1"
"660 ? 659","644","","5.701738516556963","660.0","659.0","5.701738516556963","0","1","1","1"
"661 ? 660","645","","0.6319357187007637","661.0","660.0","0.6319357187007637","0","1","1","1"
"662 ? 661","646","","3.331636364354886","662.0","661.0","3.331636364354886","0","1","1","1"
"663 ? 662","647","","5.927554892358281","663.0","662.0","5.927554892358281","0","1","1","1"
"664 ? 663","648","","2.3988327888955494","664.0","663.0","2.3988327888955494","0","1","1","1"
"665 ? 664","649","","3.8175411502895935","665.0","664.0","3.8175411502895935","0","1","1","1"
"666 ? 665","650","","4.521466316206183","666.0","665.0","4.521466316206183","0","1","1","1"
"667 ? 666","651","","5.057953646140616","667.0","666.0","5.057953646140616","0","1","1","1"
"668 ? 667","652","","4.6394749604051055","668.0","667.0","4.6394749604051055","0","1","1","1"
"669 ? 668","653","","8.566527513348664","669.0","668.0","8.566527513348664","0","1","1","1"
"670 ? 669","654","","5.048074820995108","670.0","669.0","5.048074820995108","0","1","1","1"
"671 ? 670","655","","6.711993316019311","671.0","670.0","6.711993316019311","0","1","1","1"
"672 ? 671","656","","7.1558282563316","672.0","671.0","7.1558282563316","0","1","1","1"
"673 ? 672","657","","5.9724152622067495","673.0","672.0","5.9724152622067495","0","1","1","1"
"674 ? 673","658","","2.5158743396418766","674.0","673.0","2.5158743396418766","0","1","1","1"
"675 ? 674","659","","6.597563504499918","675.0","674.0","6.597563504499918","0","1","1","1"
"676 ? 675","660","","0.651384429200992","676.0","675.0","0.651384429200992","0","1","1","1"
"677 ? 676","661","","2.907897470053996","677.0","676.0","2.907897470053996","0","1","1","1"
"678 ? 677","662","","0.0","678.0","677.0","0.0","0","1","1","1"
"679 ? 678","663","","1.4998057904910123","679.0","678.0","1.4998057904910123","0","1","1","1"
"680 ? 679","664","","6.721065887191551","680.0","679.0","6.721065887191551","0","1","1","1"
"681 ? 680","665","","6.49602538745556","681.0","680.0","6.49602538745556","0","1","1","1"
"682 ? 681","666","","2.9059480739118504","682.0","681.0","2.9059480739118504","0","1","1","1"
"683 ? 682","667","","5.588450098582555","683.0","682.0","5.588450098582555","0","1","1","1"
"684 ? 683","668","","6.138652125545383","684.0","683.0","6.138652125545383","0","1","1","1"
"685 ? 684","669","","6.752266749366384","685.0","684.0","6.752266749366384","0","1","1","1"
"686 ? 685","670","","7.461153255458067","686.0","685.0","7.461153255458067","0","1","1","1"
"687 ? 686","671","","8.095809364450755","687.0","686.0","8.095809364450755","0","1","1","1"
"688 ? 687","672","","6.67332229316876","688.0","687.0","6.67332229316876","0","1","1","1"
"689 ? 688","673","","9.50502253126946","689.0","688.0","9.50502253126946","0","1","1","1"
"690 ? 689","674","","6.870290379435541","690.0","689.0","6.870290379435541","0","1","1","1"
"691 ? 690","675","","5.862435326450061","691.0","690.0","5.862435326450061","0","1","1","1"
"692 ? 691","676","","6.657671189659295","692.0","691.0","6.657671189659295","0","1","1","1"
"656 ? 693","677","","8.457073574224845","656.0","693.0","8.457073574224845","0","1","1","1"
"693 ? 694","678","","5.5113526576826235","693.0","694.0","5.5113526576826235","0","1","1","1"
"694 ? 695","679","","2.605537716803938","694.0","695.0","2.605537716803938","0","1","1","1"
"695 ? 696","680","","2.695275859875546","695.0","696.0","2.695275859875546","0","1","1","1"
"696 ? 697","681","","1.7449895381763856","696.0","697.0","1.7449895381763856","0","1","1","1"
"697 ? 698","682","","3.859764354721922","697.0","698.0","3.859764354721922","0","1","1","1"
"698 ? 699","683","","2.843710734153496","698.0","699.0","2.843710734153496","0","1","1","1"
"699 ? 700","684","","3.8406090783951656","699.0","700.0","3.8406090783951656","0","1","1","1"
"700 ? 701","685","","2.1971711301425687","700.0","701.0","2.1971711301425687","0","1","1","1"
"701 ? 702","686","","2.337747981960597","701.0","702.0","2.337747981960597","0","1","1","1"
"702 ? 703","687","","3.5078125040484687","702.0","703.0","3.5078125040484687","0","1","1","1"
"703 ? 704","688","","2.3791542180038565","703.0","704.0","2.3791542180038565","0","1","1","1"
"704 ? 705","689","","7.107721327450951","704.0","705.0","7.107721327450951","0","1","1","1"
"705 ? 706","690","","3.3326746474640436","705.0","706.0","3.3326746474640436","0","1","1","1"
"706 ? 707","691","","4.46846031967311","706.0","707.0","4.46846031967311","0","1","1","1"
"707 ? 708","692","","8.126212465291024","707.0","708.0","8.126212465291024","0","1","1","1"
"708 ? 709","693","","5.7335867481405804","708.0","709.0","5.7335867481405804","0","1","1","1"
"655 ? 710","694","","0.5696191591432375","655.0","710.0","0.5696191591432375","0","1","1","1"
"710 ? 711","695","","5.758341597021979","710.0","711.0","5.758341597021979","0","1","1","1"
"711 ? 712","696","","9.779457227997112","711.0","712.0","9.779457227997112","0","1","1","1"
"712 ? 713","697","","9.11944562799271","712.0","713.0","9.11944562799271","0","1","1","1"
"713 ? 714","698","","5.995271108128037","713.0","714.0","5.995271108128037","0","1","1","1"
"714 ? 715","699","","2.9513833689356983","714.0","715.0","2.9513833689356983","0","1","1","1"
"715 ? 716","700","","2.2134586636817435","715.0","716.0","2.2134586636817435","0","1","1","1"
"716 ? 717","701","","1.7389097184947637","716.0","717.0","1.7389097184947637","0","1","1","1"
"717 ? 718","702","","2.869148590522137","717.0","718.0","2.869148590522137","0","1","1","1"
"718 ? 719","703","","5.582110933291385","718.0","719.0","5.582110933291385","0","1","1","1"
"719 ? 720","704","","2.4963959009568653","719.0","720.0","2.4963959009568653","0","1","1","1"
"720 ? 721","705","","2.6746747232383288","720.0","721.0","2.6746747232383288","0","1","1","1"
"721 ? 722","706","","3.8077021829858135","721.0","722.0","3.8077021829858135","0","1","1","1"
"722 ? 723","707","","3.077172771262491","722.0","723.0","3.077172771262491","0","1","1","1"
"723 ? 724","708","","2.835295674301546","723.0","724.0","2.835295674301546","0","1","1","1"
"724 ? 725","709","","5.5986016957570985","724.0","725.0","5.5986016957570985","0","1","1","1"
"725 ? 726","710","","5.04906056495416","725.0","726.0","5.04906056495416","0","1","1","1"
"726 ? 727","711","","4.448867853088474","726.0","727.0","4.448867853088474","0","1","1","1"
"727 ? 728","712","","7.669953014063906","727.0","728.0","7.669953014063906","0","1","1","1"
"729 ? 730","713","","1.6494006492911837","729.0","730.0","1.6494006492911837","0","1","1","1"
"730 ? 731","714","","1.1489175373298708","730.0","731.0","1.1489175373298708","0","1","1","1"
"731 ? 732","715","","0.0","731.0","732.0","0.0","0","1","1","1"
"733 ? 729","716","","4.523971271925329","733.0","729.0","4.523971271925329","0","1","1","1"
"734 ? 733","717","","7.939817092995637","734.0","733.0","7.939817092995637","0","1","1","1"
"735 ? 734","718","","8.63069547428882","735.0","734.0","8.63069547428882","0","1","1","1"
"736 ? 735","719","","6.535564099632944","736.0","735.0","6.535564099632944","0","1","1","1"
"737 ? 736","720","","1.8012939417624458","737.0","736.0","1.8012939417624458","0","1","1","1"
"738 ? 737","721","","4.895835158704642","738.0","737.0","4.895835158704642","0","1","1","1"
"739 ? 738","722","","2.727225470439491","739.0","738.0","2.727225470439491","0","1","1","1"
"740 ? 739","723","","0.6702690479509815","740.0","739.0","0.6702690479509815","0","1","1","1"
"741 ? 740","724","","2.508446646117844","741.0","740.0","2.508446646117844","0","1","1","1"
"742 ? 741","725","","0.6513844292009742","742.0","741.0","0.6513844292009742","0","1","1","1"
"743 ? 742","726","","3.063238238995042","743.0","742.0","3.063238238995042","0","1","1","1"
"732 ? 744","727","","2.905948073911843","732.0","744.0","2.905948073911843","0","1","1","1"
"744 ? 745","728","","3.303816851591245","744.0","745.0","3.303816851591245","0","1","1","1"
"745 ? 746","729","","0.0","745.0","746.0","0.0","0","1","1","1"
"746 ? 747","730","","2.7157207232198366","746.0","747.0","2.7157207232198366","0","1","1","1"
"747 ? 748","731","","3.0261678849031646","747.0","748.0","3.0261678849031646","0","1","1","1"
"748 ? 749","732","","2.300123029736844","748.0","749.0","2.300123029736844","0","1","1","1"
"749 ? 750","733","","2.1549903279030196","749.0","750.0","2.1549903279030196","0","1","1","1"
"750 ? 751","734","","3.527380344864224","750.0","751.0","3.527380344864224","0","1","1","1"
"751 ? 752","735","","3.332674647464008","751.0","752.0","3.332674647464008","0","1","1","1"
"752 ? 753","736","","4.907683747387369","752.0","753.0","4.907683747387369","0","1","1","1"
"753 ? 754","737","","7.713758495889628","753.0","754.0","7.713758495889628","0","1","1","1"
"754 ? 755","738","","7.423549644482728","754.0","755.0","7.423549644482728","0","1","1","1"
"757 ? 758","739","","5.6955672537700295","757.0","758.0","5.6955672537700295","0","1","1","1"
"759 ? 757","740","","1.4130512244251265","759.0","757.0","1.4130512244251265","0","1","1","1"
"760 ? 759","741","","6.742976510550156","760.0","759.0","6.742976510550156","0","1","1","1"
"761 ? 760","742","","2.059858428643754","761.0","760.0","2.059858428643754","0","1","1","1"
"762 ? 761","743","","2.148304361766993","762.0","761.0","2.148304361766993","0","1","1","1"
"758 ? 763","744","","8.915931654257792","758.0","763.0","8.915931654257792","0","1","1","1"
"763 ? 764","745","","8.07110813413864","763.0","764.0","8.07110813413864","0","1","1","1"
"764 ? 765","746","","5.608472878906727","764.0","765.0","5.608472878906727","0","1","1","1"
"765 ? 766","747","","3.4504211063273567","765.0","766.0","3.4504211063273567","0","1","1","1"
"766 ? 767","748","","3.167047379385872","766.0","767.0","3.167047379385872","0","1","1","1"
"767 ? 768","749","","2.4677878710882797","767.0","768.0","2.4677878710882797","0","1","1","1"
"768 ? 769","750","","1.4725398195928348","768.0","769.0","1.4725398195928348","0","1","1","1"
"769 ? 770","751","","4.042296517808624","769.0","770.0","4.042296517808624","0","1","1","1"
"770 ? 771","752","","2.562005806279117","770.0","771.0","2.562005806279117","0","1","1","1"
"771 ? 772","753","","0.0","771.0","772.0","0.0","0","1","1","1"
"772 ? 773","754","","3.5304369401858047","772.0","773.0","3.5304369401858047","0","1","1","1"
"773 ? 774","755","","1.4987671544324643","773.0","774.0","1.4987671544324643","0","1","1","1"
"774 ? 775","756","","4.672760315807818","774.0","775.0","4.672760315807818","0","1","1","1"
"775 ? 776","757","","5.947992884233813","775.0","776.0","5.947992884233813","0","1","1","1"
"776 ? 777","758","","5.371611529832358","776.0","777.0","5.371611529832358","0","1","1","1"
"777 ? 778","759","","4.215932293351846","777.0","778.0","4.215932293351846","0","1","1","1"
"778 ? 779","760","","7.695108348661349","778.0","779.0","7.695108348661349","0","1","1","1"
"779 ? 780","761","","5.645577334470067","779.0","780.0","5.645577334470067","0","1","1","1"
"780 ? 781","762","","12.016190885902676","780.0","781.0","12.016190885902676","0","1","1","1"
"785 ? 498","763","","7.8370792054248595","785.0","498.0","7.8370792054248595","0","1","1","1"
"781 ? 787","764","","9.390413811533206","781.0","787.0","9.390413811533206","0","1","1","1"
"787 ? 788","765","","2.7292655490059783","787.0","788.0","2.7292655490059783","0","1","1","1"
"887 ? 111","766","","2.457653175820202","887.0","111.0","2.457653175820202","0","1","1","1"
"112 ? 113","767","","7.146526281851248","112.0","113.0","7.146526281851248","0","1","1","1"
"114 ? 954","768","","8.78017642643758","114.0","954.0","8.78017642643758","0","1","1","1"
"44 ? 114","769","","10.392919205640768","44.0","114.0","10.392919205640768","0","1","1","1"
"45 ? 44","770","","8.622561154096099","45.0","44.0","8.622561154096099","0","1","1","1"
"46 ? 45","771","","4.113921127832531","46.0","45.0","4.113921127832531","0","1","1","1"
"790 ? 789","772","","3.245410163077447","790.0","789.0","3.245410163077447","0","1","1","1"
"791 ? 790","773","","4.400923028142934","791.0","790.0","4.400923028142934","0","1","1","1"
"789 ? 792","774","","0.0","789.0","792.0","0.0","0","1","1","1"
"792 ? 793","775","","6.198936384237569","792.0","793.0","6.198936384237569","0","1","1","1"
"793 ? 794","776","","3.54043039025306","793.0","794.0","3.54043039025306","0","1","1","1"
"794 ? 795","777","","0.4995890514775018","794.0","795.0","0.4995890514775018","0","1","1","1"
"795 ? 796","778","","2.7157207232198446","795.0","796.0","2.7157207232198446","0","1","1","1"
"796 ? 797","779","","2.7065538658849055","796.0","797.0","2.7065538658849055","0","1","1","1"
"797 ? 798","780","","3.329897786295375","797.0","798.0","3.329897786295375","0","1","1","1"
"811 ? 799","781","","3.9242394034991817","811.0","799.0","3.9242394034991817","0","1","1","1"
"799 ? 119","782","","5.296586482635123","799.0","119.0","5.296586482635123","0","1","1","1"
"800 ? 801","783","","2.5835055326253693","800.0","801.0","2.5835055326253693","0","1","1","1"
"801 ? 802","784","","4.056429882441829","801.0","802.0","4.056429882441829","0","1","1","1"
"802 ? 803","785","","7.67186426791749","802.0","803.0","7.67186426791749","0","1","1","1"
"803 ? 804","786","","5.593442778094819","803.0","804.0","5.593442778094819","0","1","1","1"
"804 ? 805","787","","9.393356632476005","804.0","805.0","9.393356632476005","0","1","1","1"
"805 ? 806","788","","7.390054440903883","805.0","806.0","7.390054440903883","0","1","1","1"
"806 ? 807","789","","4.04439330971836","806.0","807.0","4.04439330971836","0","1","1","1"
"807 ? 808","790","","4.194939015973772","807.0","808.0","4.194939015973772","0","1","1","1"
"808 ? 809","791","","4.644597045071607","808.0","809.0","4.644597045071607","0","1","1","1"
"809 ? 810","792","","5.714987125854611","809.0","810.0","5.714987125854611","0","1","1","1"
"810 ? 811","793","","2.988034408956124","810.0","811.0","2.988034408956124","0","1","1","1"
"812 ? 791","794","","3.999833624643676","812.0","791.0","3.999833624643676","0","1","1","1"
"813 ? 812","795","","7.241271737621797","813.0","812.0","7.241271737621797","0","1","1","1"
"756 ? 813","796","","9.71990677253702","756.0","813.0","9.71990677253702","0","1","1","1"
"814 ? 756","797","","6.440433252891896","814.0","756.0","6.440433252891896","0","1","1","1"
"815 ? 814","798","","0.9211966940946774","815.0","814.0","0.9211966940946774","0","1","1","1"
"816 ? 815","799","","5.272975839637615","816.0","815.0","5.272975839637615","0","1","1","1"
"817 ? 816","800","","2.4167435712094014","817.0","816.0","2.4167435712094014","0","1","1","1"
"818 ? 817","801","","2.010330401892173","818.0","817.0","2.010330401892173","0","1","1","1"
"819 ? 818","802","","2.6829609831711045","819.0","818.0","2.6829609831711045","0","1","1","1"
"820 ? 821","803","","2.709347972911444","820.0","821.0","2.709347972911444","0","1","1","1"
"821 ? 822","804","","2.7157207232198624","821.0","822.0","2.7157207232198624","0","1","1","1"
"822 ? 823","805","","4.180144754865154","822.0","823.0","4.180144754865154","0","1","1","1"
"823 ? 824","806","","3.024834599789139","823.0","824.0","3.024834599789139","0","1","1","1"
"824 ? 825","807","","2.1385940482241055","824.0","825.0","2.1385940482241055","0","1","1","1"
"825 ? 826","808","","3.164365794342628","825.0","826.0","3.164365794342628","0","1","1","1"
"826 ? 800","809","","7.996458165899655","826.0","800.0","7.996458165899655","0","1","1","1"
"829 ? 828","810","","6.31067004144106","829.0","828.0","6.31067004144106","0","1","1","1"
"830 ? 829","811","","4.676566968210554","830.0","829.0","4.676566968210554","0","1","1","1"
"831 ? 830","812","","5.407626680853119","831.0","830.0","5.407626680853119","0","1","1","1"
"833 ? 831","813","","6.037201517616947","833.0","831.0","6.037201517616947","0","1","1","1"
"832 ? 833","814","","6.717568834064503","832.0","833.0","6.717568834064503","0","1","1","1"
"786 ? 832","815","","7.819200898793858","786.0","832.0","7.819200898793858","0","1","1","1"
"834 ? 786","816","","6.67127856407225","834.0","786.0","6.67127856407225","0","1","1","1"
"835 ? 834","817","","8.68786147363387","835.0","834.0","8.68786147363387","0","1","1","1"
"942 ? 836","818","","2.0858408568357802","942.0","836.0","2.0858408568357802","0","1","1","1"
"836 ? 837","819","","6.614330569487418","836.0","837.0","6.614330569487418","0","1","1","1"
"837 ? 838","820","","10.354103982817932","837.0","838.0","10.354103982817932","0","1","1","1"
"838 ? 839","821","","7.297157248950821","838.0","839.0","7.297157248950821","0","1","1","1"
"840 ? 465","822","","5.707135293339332","840.0","465.0","5.707135293339332","0","1","1","1"
"841 ? 840","823","","5.845405397982158","841.0","840.0","5.845405397982158","0","1","1","1"
"842 ? 841","824","","6.642843830692604","842.0","841.0","6.642843830692604","0","1","1","1"
"843 ? 842","825","","3.2814178350109007","843.0","842.0","3.2814178350109007","0","1","1","1"
"844 ? 843","826","","3.7019110860064695","844.0","843.0","3.7019110860064695","0","1","1","1"
"845 ? 844","827","","2.7335262036565267","845.0","844.0","2.7335262036565267","0","1","1","1"
"846 ? 845","828","","2.9811143136524527","846.0","845.0","2.9811143136524527","0","1","1","1"
"847 ? 846","829","","2.611896555768687","847.0","846.0","2.611896555768687","0","1","1","1"
"848 ? 820","830","","4.420782824791065","848.0","820.0","4.420782824791065","0","1","1","1"
"849 ? 848","831","","1.1058875077263413","849.0","848.0","1.1058875077263413","0","1","1","1"
"850 ? 849","832","","0.0","850.0","849.0","0.0","0","1","1","1"
"851 ? 850","833","","3.111922516679927","851.0","850.0","3.111922516679927","0","1","1","1"
"852 ? 851","834","","3.602587883524916","852.0","851.0","3.602587883524916","0","1","1","1"
"853 ? 852","835","","6.0116985210149245","853.0","852.0","6.0116985210149245","0","1","1","1"
"854 ? 853","836","","9.551464285936685","854.0","853.0","9.551464285936685","0","1","1","1"
"855 ? 854","837","","6.079816077378361","855.0","854.0","6.079816077378361","0","1","1","1"
"856 ? 855","838","","2.442715884858234","856.0","855.0","2.442715884858234","0","1","1","1"
"857 ? 856","839","","5.137834550557044","857.0","856.0","5.137834550557044","0","1","1","1"
"858 ? 857","840","","2.777709359014192","858.0","857.0","2.777709359014192","0","1","1","1"
"859 ? 858","841","","1.1197203391514083","859.0","858.0","1.1197203391514083","0","1","1","1"
"860 ? 859","842","","3.0820509744643525","860.0","859.0","3.0820509744643525","0","1","1","1"
"861 ? 860","843","","2.119576836637641","861.0","860.0","2.119576836637641","0","1","1","1"
"862 ? 847","844","","3.241283461317699","862.0","847.0","3.241283461317699","0","1","1","1"
"863 ? 819","845","","1.9203045391975575","863.0","819.0","1.9203045391975575","0","1","1","1"
"864 ? 863","846","","3.522891130584024","864.0","863.0","3.522891130584024","0","1","1","1"
"865 ? 762","847","","3.1644698440636487","865.0","762.0","3.1644698440636487","0","1","1","1"
"866 ? 865","848","","1.7113493420714099","866.0","865.0","1.7113493420714099","0","1","1","1"
"867 ? 866","849","","3.4778194369895292","867.0","866.0","3.4778194369895292","0","1","1","1"
"868 ? 867","850","","3.270160793823763","868.0","867.0","3.270160793823763","0","1","1","1"
"869 ? 868","851","","5.028622252370363","869.0","868.0","5.028622252370363","0","1","1","1"
"870 ? 869","852","","5.119359278631912","870.0","869.0","5.119359278631912","0","1","1","1"
"871 ? 870","853","","7.484784853107411","871.0","870.0","7.484784853107411","0","1","1","1"
"872 ? 871","854","","5.764113236621775","872.0","871.0","5.764113236621775","0","1","1","1"
"873 ? 872","855","","6.295614997167377","873.0","872.0","6.295614997167377","0","1","1","1"
"874 ? 873","856","","7.289993450563023","874.0","873.0","7.289993450563023","0","1","1","1"
"875 ? 874","857","","5.8369436804928","875.0","874.0","5.8369436804928","0","1","1","1"
"876 ? 875","858","","3.4405926675423464","876.0","875.0","3.4405926675423464","0","1","1","1"
"877 ? 876","859","","5.647785085874282","877.0","876.0","5.647785085874282","0","1","1","1"
"878 ? 877","860","","1.738909718494768","878.0","877.0","1.738909718494768","0","1","1","1"
"879 ? 692","861","","5.905792210495365","879.0","692.0","5.905792210495365","0","1","1","1"
"880 ? 914","862","","3.9401354916977755","880.0","914.0","3.9401354916977755","0","1","1","1"
"881 ? 880","863","","6.926418951929582","881.0","880.0","6.926418951929582","0","1","1","1"
"882 ? 881","864","","7.750516597876049","882.0","881.0","7.750516597876049","0","1","1","1"
"883 ? 882","865","","3.688784561456498","883.0","882.0","3.688784561456498","0","1","1","1"
"432 ? 884","866","","8.42311329780013","432.0","884.0","8.42311329780013","0","1","1","1"
"884 ? 885","867","","5.7462267828445865","884.0","885.0","5.7462267828445865","0","1","1","1"
"885 ? 886","868","","5.602393351227499","885.0","886.0","5.602393351227499","0","1","1","1"
"886 ? 887","869","","5.261125786131595","886.0","887.0","5.261125786131595","0","1","1","1"
"888 ? 639","870","","3.83613579249463","888.0","639.0","3.83613579249463","0","1","1","1"
"889 ? 888","871","","0.0","889.0","888.0","0.0","0","1","1","1"
"890 ? 889","872","","0.0","890.0","889.0","0.0","0","1","1","1"
"891 ? 890","873","","0.9991781029549813","891.0","890.0","0.9991781029549813","0","1","1","1"
"892 ? 891","874","","7.975665623319135","892.0","891.0","7.975665623319135","0","1","1","1"
"893 ? 892","875","","4.549324392251061","893.0","892.0","4.549324392251061","0","1","1","1"
"894 ? 893","876","","2.0048567979675167","894.0","893.0","2.0048567979675167","0","1","1","1"
"895 ? 894","877","","5.31129992120206","895.0","894.0","5.31129992120206","0","1","1","1"
"896 ? 895","878","","6.644217073207733","896.0","895.0","6.644217073207733","0","1","1","1"
"897 ? 896","879","","7.2267516316603855","897.0","896.0","7.2267516316603855","0","1","1","1"
"898 ? 897","880","","8.364268688691473","898.0","897.0","8.364268688691473","0","1","1","1"
"899 ? 898","881","","8.675442004289746","899.0","898.0","8.675442004289746","0","1","1","1"
"900 ? 899","882","","7.776640674578638","900.0","899.0","7.776640674578638","0","1","1","1"
"901 ? 900","883","","8.711404549913482","901.0","900.0","8.711404549913482","0","1","1","1"
"902 ? 901","884","","6.011504082006104","902.0","901.0","6.011504082006104","0","1","1","1"
"903 ? 902","885","","5.9332544960953655","903.0","902.0","5.9332544960953655","0","1","1","1"
"904 ? 903","886","","6.981223551561324","904.0","903.0","6.981223551561324","0","1","1","1"
"905 ? 904","887","","5.889239906013722","905.0","904.0","5.889239906013722","0","1","1","1"
"906 ? 905","888","","4.037209096990381","906.0","905.0","4.037209096990381","0","1","1","1"
"907 ? 520","889","","7.268664848159751","907.0","520.0","7.268664848159751","0","1","1","1"
"908 ? 907","890","","7.627892173105839","908.0","907.0","7.627892173105839","0","1","1","1"
"909 ? 908","891","","8.436236826866155","909.0","908.0","8.436236826866155","0","1","1","1"
"910 ? 909","892","","9.207120541155236","910.0","909.0","9.207120541155236","0","1","1","1"
"911 ? 910","893","","6.657671189659345","911.0","910.0","6.657671189659345","0","1","1","1"
"912 ? 911","894","","4.723324635861946","912.0","911.0","4.723324635861946","0","1","1","1"
"913 ? 912","895","","5.408259974636952","913.0","912.0","5.408259974636952","0","1","1","1"
"914 ? 913","896","","6.150808955927262","914.0","913.0","6.150808955927262","0","1","1","1"
"915 ? 394","897","","1.769231685474691","915.0","394.0","1.769231685474691","0","1","1","1"
"916 ? 915","898","","0.49958905147746974","916.0","915.0","0.49958905147746974","0","1","1","1"
"917 ? 916","899","","1.0597884183187847","917.0","916.0","1.0597884183187847","0","1","1","1"
"918 ? 917","900","","7.20321200366567","918.0","917.0","7.20321200366567","0","1","1","1"
"919 ? 918","901","","6.6595123371284615","919.0","918.0","6.6595123371284615","0","1","1","1"
"920 ? 919","902","","2.3752855345393926","920.0","919.0","2.3752855345393926","0","1","1","1"
"921 ? 920","903","","5.199027274934874","921.0","920.0","5.199027274934874","0","1","1","1"
"922 ? 921","904","","6.824697064999964","922.0","921.0","6.824697064999964","0","1","1","1"
"923 ? 922","905","","8.139019178598424","923.0","922.0","8.139019178598424","0","1","1","1"
"924 ? 923","906","","6.64948507092395","924.0","923.0","6.64948507092395","0","1","1","1"
"925 ? 924","907","","8.58431318082963","925.0","924.0","8.58431318082963","0","1","1","1"
"926 ? 356","908","","1.8217608435073356","926.0","356.0","1.8217608435073356","0","1","1","1"
"927 ? 926","909","","2.6114316789527146","927.0","926.0","2.6114316789527146","0","1","1","1"
"928 ? 927","910","","1.9023784311131036","928.0","927.0","1.9023784311131036","0","1","1","1"
"929 ? 928","911","","6.995417270863977","929.0","928.0","6.995417270863977","0","1","1","1"
"930 ? 929","912","","6.63979718585623","930.0","929.0","6.63979718585623","0","1","1","1"
"931 ? 930","913","","1.7687026548211533","931.0","930.0","1.7687026548211533","0","1","1","1"
"932 ? 931","914","","6.290279881262077","932.0","931.0","6.290279881262077","0","1","1","1"
"933 ? 932","915","","7.636228016579506","933.0","932.0","7.636228016579506","0","1","1","1"
"934 ? 935","916","","5.749160115809376","934.0","935.0","5.749160115809376","0","1","1","1"
"935 ? 936","917","","3.463285773310999","935.0","936.0","3.463285773310999","0","1","1","1"
"936 ? 937","918","","3.0989907882612275","936.0","937.0","3.0989907882612275","0","1","1","1"
"937 ? 938","919","","2.204435973861365","937.0","938.0","2.204435973861365","0","1","1","1"
"938 ? 939","920","","4.811765761764635","938.0","939.0","4.811765761764635","0","1","1","1"
"939 ? 940","921","","2.124694305311528","939.0","940.0","2.124694305311528","0","1","1","1"
"940 ? 941","922","","0.0","940.0","941.0","0.0","0","1","1","1"
"941 ? 942","923","","5.902785026568887","941.0","942.0","5.902785026568887","0","1","1","1"
"944 ? 943","924","","0.49958905147748306","944.0","943.0","0.49958905147748306","0","1","1","1"
"945 ? 944","925","","2.7042492777914697","945.0","944.0","2.7042492777914697","0","1","1","1"
"946 ? 945","926","","0.353262806106289","946.0","945.0","0.353262806106289","0","1","1","1"
"947 ? 946","927","","6.337105455593041","947.0","946.0","6.337105455593041","0","1","1","1"
"948 ? 947","928","","6.3213316776627115","948.0","947.0","6.3213316776627115","0","1","1","1"
"949 ? 948","929","","4.268490726943195","949.0","948.0","4.268490726943195","0","1","1","1"
"950 ? 949","930","","6.022068890153188","950.0","949.0","6.022068890153188","0","1","1","1"
"951 ? 950","931","","8.44771527613649","951.0","950.0","8.44771527613649","0","1","1","1"
"952 ? 951","932","","5.169428708477584","952.0","951.0","5.169428708477584","0","1","1","1"
"953 ? 952","933","","7.088674211480187","953.0","952.0","7.088674211480187","0","1","1","1"
"954 ? 953","934","","7.735092057871422","954.0","953.0","7.735092057871422","0","1","1","1"
"42 ? 41","935","","6.326763962446865","42.0","41.0","6.326763962446865","0","1","1","1"
"35 ? 42","936","","5.963160601742963","35.0","42.0","5.963160601742963","0","1","1","1"
"957 ? 35","937","","6.452337554533084","957.0","35.0","6.452337554533084","0","1","1","1"
"958 ? 957","938","","7.099731501610472","958.0","957.0","7.099731501610472","0","1","1","1"
"959 ? 958","939","","6.323050119283018","959.0","958.0","6.323050119283018","0","1","1","1"
"960 ? 959","940","","6.540321587647604","960.0","959.0","6.540321587647604","0","1","1","1"
"961 ? 960","941","","5.25162916144659","961.0","960.0","5.25162916144659","0","1","1","1"
